Accession,Phylum,Class,Order,Genus,Species,Full_Species,DNA,Protein,Gene_Description,Species_Synonym_Used
OK432517.1,Arthropoda,Malacostraca,Stomatopoda,Neogonodactylus,oerstedii,Neogonodactylus oerstedii,CAAGCAAGCAAGCAAGCAAGCACTTGGCCACAACAACGCATCAGCCAGCCAGAGAACGAAAACGCGACCATGACCATGACCATGGCGTCCTCCCCCTCCTCCACTTCTCCCATCGCCTTGGCTCAAAACGGGTCGGAGTTCAACCGCCCGAGGTTTGAGTACTACGGGTACGAGGTGAAGATGAACGGGTGGAACACGCCCACCGACTACCTGGCGTACGTCGACGATCATTGGCTGAGCTTCGAAGCGCCCAACCCCATGGCCCACTACCTCCTGGCTATCCTTTACATCGGCTTCACCTTCGTCTCCTGCGTGGGCAACGGCACCGTCATCTTCTTGATGATGACGAGCAAGGCCCTCCGCACACCTTCCAACATGCTCATCGTCAACTTGGCTTTCGCCGACTTCATCATGATGGCCAAGACCCCTATCTTCATCATCAACTGCTTCAACGAGGGACCTGTCTTGGGGCGCATGGGCTGCCAGATCTTCGGCATCATGGGCGCTTACACGGGACCAATGTCAGCCTGCACCAACGCCGCCATTGCCTACGACAGGTTCAGGTGCATCACAGATCCGATCGAAGGTCGCTTGAGCAAGTCGCAGGTGGCGGGACTCCTGGTCTTCATCTACGCCTGGATCACGCCCTGGGTCATGATGCCTTTCCTCGAGATCTGGAACCGATTCGTGCCTGAGGGTTACCTGACGACGTGCACCTTCGACTACATGAGCGAGAACAGCAAGTTCTACGTGGTCGGCCTCTGGTTTTGTATGTGGCTCCTTCCTATGTTCGTCATCTCCTTCTGCTACTACCGCGTCTACCTCCACGTTTCGGCGCACGAGAAGCAACTCAAGAAGCAGGCGGCTAAGATGAATGTGGACTCCCTGAGGTCTGGCGAGAAGTCCAACATGCGTCAAGAGGTCCGAGTAGCCAAGGTCGGCGTGACCTTGACGTCGCTCTTCCTCTTCTCGTGGACTCCATACGCCGTCATTGCCTTCCTCTGCACCTTCGGAAGGAAAGACCTGGTCTCCCCCTTCGTGTCGATGATCCCCGCCTGCACCTGCAAGACGGCCGCCTGCATAGACCCCTTCGTGTATGCCATCAACCACCCAAAATACCGCCTGGAGCTGATGAAGCGTATGCCATGGTTCTGTGTGCACGAGACTGAGGAACCCACTACGACTGCCGATGACAAGAGCGTCACTGCTAAGGAAGAACAGTAG,MTMTMASSPSSTSPIALAQNGSEFNRPRFEYYGYEVKMNGWNTPTDYLAYVDDHWLSFEAPNPMAHYLLAILYIGFTFVSCVGNGTVIFLMMTSKALRTPSNMLIVNLAFADFIMMAKTPIFIINCFNEGPVLGRMGCQIFGIMGAYTGPMSACTNAAIAYDRFRCITDPIEGRLSKSQVAGLLVFIYAWITPWVMMPFLEIWNRFVPEGYLTTCTFDYMSENSKFYVVGLWFCMWLLPMFVISFCYYRVYLHVSAHEKQLKKQAAKMNVDSLRSGEKSNMRQEVRVAKVGVTLTSLFLFSWTPYAVIAFLCTFGRKDLVSPFVSMIPACTCKTAACIDPFVYAINHPKYRLELMKRMPWFCVHETEEPTTTADDKSVTAKEEQ,"Neogonodactylus oerstedii ultraviolet sensitive opsin UV3 mRNA, complete cds",NA
MT112887.1,Arthropoda,Malacostraca,Stomatopoda,Neogonodactylus,oerstedii,Neogonodactylus oerstedii,AGTCCTCTCTTTGACTCCGAAGAAGAAGGACTCTCCCTTTTCTCGCCGAGTGAGGAACCGCCAAAACCTCACCGACAATACTTCCGAACGAGCAGAAAACTAGGTCGTCTCATCCCTATTAACCGAAAAAAAAGCTTTCAAGGGTAGTGAGAAGGCTGGTAATATCTCCAGTAATCTAATCTCGATATTCTTTGTTGACACATTTAACATTCGGTAAACCTTGGTCGACTTTCTTGAAGATGATCGGAGTACGTAACATGTCGATGGCTCTGGCCTACACCTCTGGTCACTCTTGGGGATATCCCGAAGGAGTTTCCATTGTGGACACAGTTCCTGATGAAATCAAGCCCCTGATTCACCCCCACTGGCAGAACTTCCCCCCTGTCAACCCCATGTGGCATTACCTGTTGGGTGTCATGTTTTTCTTCCTCGGTATCCTCAACTTCTGCGGCAATGGTTTGGTCATCTACTTGTTCTCATGTAAAAAGTCTCTCCGATCACCTGCCAACATGTTGGTAGTTAATCTCTCCTTTGCCGATCTCATGATGATGGTCACTCAGTTCCCGATGTACATTTACAACTGTTTCAGTGGAGGCTACTGGGCTCTGGGAGAGTTCGGGTGTCAATTCCACGCTTTCACAGGAGCACTGACGGGTGACACAGCTCTTCTGACCCTGGTAGCCATCGGCTATGATCGATACAGCGTTATTGTCAAGGCCTTTGACGGAGGACACATGACATCAGGCAAGGCTTTCATCCTCATCCTTCTGTGCTGGAGTTACTCTTGTCTTTTAGCCATTTGGCCCTTCTTAGGCTGGAGTGCCTTCATTCCCGAGGGAATTCTCACCTCCTGCAGCTTTGACTATCTAACGGATTCCTGGAGCACCAAATCCTTCGGGCTGCTGCTTTTCATCGGCTGCTTCTGCCTTCCACTCACCCTCATCATCTTCTTCTACTCTCAAATCGTCGGAGCCATTCGCGCCCACGAGAAGGCCCTCCGGGAGCAGGCCAAGAAGATGAACGTAGAGAACCTGCGCTCCAACGTCGACGCCAACAAAGAGAGCAACGAAGTGCGCATCGCCAAGGTCGCTGTAGCCAATGTCGGTCTTTGGCTTTGCACGTGGACCCCCTATGCCTACATTGTTATGTCGGCTATGTTCGGTGACAAAACCTTGATCACTCCCCTCGTGTCTGCCCTGCCGGGACTCATCCTGAAGACGGCCTCCTGCTACAACCCYATCATGTTTGCCATCTCCCACCCCAAGTTCCGCCTCGCTCTTCAGGAAACKCTGCCATGGTTCTGCATTCACGAGCCCAAGGAAAACGATACCACATCGACCAAAACAACGGAAGCAAAGGAAGGYTAAGACAAATCATGAAGACTGCCAGACTCATAGGTTAACGAAATCTGTGCTTCTCGATTCTTGGAAAGAGAGAGAAAAGAGATATAGCCAATTGAGCATTACCGATATCTATCTAAACAGTCTTGTGGGCAAAGCTGGAACATGTATGTTGGTGTTTTCGAACTACGAACTACCTGGTAAACTTTTTAAGCCATACCAGATGTATCCAAGTTGTAAACACGCACACGAGCCACTGTTCTGTGGCTTGATAATGGTTCGGGAAGTAAACATAGYATCAGGGTAAAGCAGGGAGGTGACTACTATAAATCAATGTTCGTAAGGAGGATATGAAAATATTACTACTGTTTGGATCGGGTATCAAATTTCTGTGGAGCCACAATTCCATAAAAGTCATCATTTTGAGAGGGTTCTTAAAAACTTAATCCTGTTTGTCGACCAGGTAAAGGTGTCGAACAAAATTTCGAGAATAAATCTGAAATTCTTTACACTGGGTCAGCATTATCAATCATCATGAATATTCACAAATGTGAATAATCAATCATCATTAATATTCACAAATGTGAACACCTAATTTCGCTCGTTTTTGTTTTAAACGTAGGATGTATTCCTTTCCCAGCAATAAAGC,MIGVRNMSMALAYTSGHSWGYPEGVSIVDTVPDEIKPLIHPHWQNFPPVNPMWHYLLGVMFFFLGILNFCGNGLVIYLFSCKKSLRSPANMLVVNLSFADLMMMVTQFPMYIYNCFSGGYWALGEFGCQFHAFTGALTGDTALLTLVAIGYDRYSVIVKAFDGGHMTSGKAFILILLCWSYSCLLAIWPFLGWSAFIPEGILTSCSFDYLTDSWSTKSFGLLLFIGCFCLPLTLIIFFYSQIVGAIRAHEKALREQAKKMNVENLRSNVDANKESNEVRIAKVAVANVGLWLCTWTPYAYIVMSAMFGDKTLITPLVSALPGLILKTASCYNPIMFAISHPKFRLALQETLPWFCIHEPKENDTTSTKTTEAKEG,"Neogonodactylus oerstedii opsin M2 (M2) mRNA, complete cds",NA
MT112886.1,Arthropoda,Malacostraca,Stomatopoda,Neogonodactylus,oerstedii,Neogonodactylus oerstedii,CAGTCTCCTCTGCGCGAGAACTTCAAAAGTGGTCGGAAATCTCCAGTCAGGGCATCAACTGCTGCAGAGCAGTTCGCACGAAAGTGCTTTGCAGTTTTACATCRTATAAAGGATGTCTTTCAGAGACGAAATAGCGATGCCGCAAGACGACATCCCCTTAGCATCAAGCAARCCTTTGACCAACTACACCATAGTAGACAATATCCCTGAAGACATGCTCCCCTTGGTACACAGTCACTGGTACCAGTATCCTCCCCTGAACCCWATGTGGTATGGCCTCCTTGGGGTTACCATCACGGTTCTTGGAATCCTGTCGGTCGTCGGCAACTTGGTCGTCATCTGGGTCTTCGCTCGCACCAAAGGTCTCCGTTCTCCGGCAAATTCCCTCCTCATCAACCTGGCGTTCACCGATTTTCTCATGATGTTCACCATGTTCCCCCCTATGGTCTACAACTGCTATTGGAGGACGTGGGTCTTCGGACCGATCTCCTGCGAAGTATACGGTTTTATAGGTAACCTCTGCGGGTGCGTCGCTATTTACAGCATGGTGTGGATCACCCTTGATCGCTACAAGGTCATCGTTAAGGGGATCTCTGCTACTCCTCTCCGTGCTAAGGGAGCGGCCCTCCGCATCCTCTTCTCTTGGGTTTTCTCCACCGCTTGGTGTCTGTGCCCTTTCTTCGGGTGGAACAGATACGTCCCTGAGGGCAACATGACCGTCTGCGGTACGGACTACCTCACGGACGACCTATTCTCCAAGAGTTATCTCTACGCCTACTCAGTATGGGTCTTCTTCGCCCCATTCCTCCTCATCGTGTACTGTTACACCTACATCGTTAAGGCTGTCTCCGCCCACGAGAAGCAAATGCTCAAACAAGCAAAGAAAATGGAAATAAAAAGTCTCCAAAGTGAGGAGGACCAGAAGACCTCGGCCGAGATCCGTCTGGCCAAGGTGGCTCTTGCGACCGTSTCCCTYTGGTTCATGGCCTGGTGTCCCTATCTCATCATCAACTGGTCCGGGATGCTCCGGCCCTCCCTGGTCACGCCACTCTTCTCCATTTGGGGATCAGTCTTCGCCAAAGCCAACGCCGTCTACAACCCTATTGTCTATTCCATCAGCCACCCCAATTACCGCGGGGCCCTCCTGAAGGCCCTGCCCTTCCTGGCCTGTAATACTGAGGATTGCAGCAGAGGTGAGGAGAGGGACACTACCACACCTCTCGCAGAAAAGGCCCAGGAGAATGTGTGAGGACCCAAGCAATGTATCTGAACCTGTGGTTAGGAGACAGATTCGCGTCACCTCTGAGTGGGGCATTATGTGGAAACAACAGATACTTWTATTCAAYWGAGTTYCAAGCAAGGCTGAACGAGCTCATGATGGATCACGTCCCCGCTCAGGCCGAGGTCAGACTYTCAGCTGAATCAAAGCCTGTGTCATTCCGTGCTACAAATTCTATACCGTGGAAGTTCTTGTTCGGGAGGTGATTAAACCCTCCAACRCGATATATTGTTTATATATATTTTCTGGCTACTGTTAGACGACTTTAATTAACTCAAGGATAAATCCGGAGATGGAAAGGATTTTCACTAACCGAGTTCCTTTCCAATCCAGGGGCTGCCTCTTAACTGGCGTTGTCGCCTCCCACCCCATTTAGTGTTCGGCTCGCCCCGAATCGAATCGTCTAGCATTAGTCAGAGCAAAACATCTGAAGTAGGTCATCATTCTGAATCCCGGAACACTCTACCTTAATAAATACCCCAGCATC,MSFRDEIAMPQDDIPLASSKPLTNYTIVDNIPEDMLPLVHSHWYQYPPLNPMWYGLLGVTITVLGILSVVGNLVVIWVFARTKGLRSPANSLLINLAFTDFLMMFTMFPPMVYNCYWRTWVFGPISCEVYGFIGNLCGCVAIYSMVWITLDRYKVIVKGISATPLRAKGAALRILFSWVFSTAWCLCPFFGWNRYVPEGNMTVCGTDYLTDDLFSKSYLYAYSVWVFFAPFLLIVYCYTYIVKAVSAHEKQMLKQAKKMEIKSLQSEEDQKTSAEIRLAKVALATVSLWFMAWCPYLIINWSGMLRPSLVTPLFSIWGSVFAKANAVYNPIVYSISHPNYRGALLKALPFLACNTEDCSRGEERDTTTPLAEKAQENV,"Neogonodactylus oerstedii opsin L20 (L20) mRNA, complete cds",NA
MT112885.1,Arthropoda,Malacostraca,Stomatopoda,Neogonodactylus,oerstedii,Neogonodactylus oerstedii,GGTCCAGCAGCTGCAGCTTGAGAGCGAGAGTGAAGTAGTTCACTGAGAATTTCTTCAGCTCGTACAGCTATTCAACCTACCACAAAGATGTCTTACTGGAATGATCCTGCCAATCTGGCTGACACCAGTCTGCCATCCACCAACCCCTATGGAAACTACACTGTCGTCGACACGGTGCCCAAGGAAATCCTCCACATGGTGGATTCCCACTGGTACCAGTTTCCTCCMATGAACCCCCTGTGGTACGGTCTGCTTGGATTTGCCATTTTCGTCCTTGGAATCATGTCTGTTGTTGGCAACGGCATCGTGATCTGGGTCTTCATGACGACCAAGAACCTCCGCAGCCCTGCCAACACTCTGGTTGTCAACCTGGCCCTGTCCGACTTCCTCATGATGTTGGTCATGTTCCCTCCTATGGTCATCTCCTGCTACAATGGCACCTGGACCCTCGGTGCCTTCTTCTGTGAGCTCTATGCCTTCGCCGGTTCCCTCTTCGGCTGCATCTCCATCTGGACCATGCTGTGGATCACCCTTGACAGGTACAATGTCATCGTCAAGGGAGTGTCCGCTGAGCCTCTGAAGAAGAAGGGAGCTCTGCTTCGCATCCTCTTCACGTGGACCATGTCCCTTGTATGGTGTCTGTTCCCCTTCTTCGGCTGGAACCGTTATGTCCCTGAAGGTAACATGACCGCCTGCGGTACCGACTATCTGACCGAAGACATGTTCTCYCACAGCTATCTGTACGTGTACTCCGTCTGGGTGTACTTCTTCCCCCTGGTCGTTATCGTGTACAGCTACACCTTCATCGTCAAGGCTGTGGCCGCTCACGAGAAGCAGATGCGCGACCAGGCCAAGAAGATGGGCGTCAAGTCTCTCCGCAACGAGGAAGCCCAGAAGACCTCTGCCGAGTGCCGCCTGGCCAAGGTGGCCCTCGTCACTGTCTCCCTGTGGTTCATGGCCTGGACTCCATACCTCATCATCAACTACACCGGTATGATTGACAAGCAGAAGGTGACTCCCCTCTTCTCCATCTGGGGATCCCTCTTCGCCAAGGCCAACGCCGTCTACAACCCCATCGTGTACGCCATCAGCCACCCCAAGTACCGCGCTGCACTCATGAAGAAGCTGCCCTGCCTCGCCTGCAGTACCGAGGGCCAGGACAATACTTCTGCTGCCACCACACAGGTCAGCGAGAAGGAAGAATCCTCCTAATATGTCAGCTACAAATTTAACCCCCCTTCACACACACACATCTCCAAGATCCTATTTTTTGTAGATAATAAAACCTGCAATATTGC,MSYWNDPANLADTSLPSTNPYGNYTVVDTVPKEILHMVDSHWYQFPPMNPLWYGLLGFAIFVLGIMSVVGNGIVIWVFMTTKNLRSPANTLVVNLALSDFLMMLVMFPPMVISCYNGTWTLGAFFCELYAFAGSLFGCISIWTMLWITLDRYNVIVKGVSAEPLKKKGALLRILFTWTMSLVWCLFPFFGWNRYVPEGNMTACGTDYLTEDMFSHSYLYVYSVWVYFFPLVVIVYSYTFIVKAVAAHEKQMRDQAKKMGVKSLRNEEAQKTSAECRLAKVALVTVSLWFMAWTPYLIINYTGMIDKQKVTPLFSIWGSLFAKANAVYNPIVYAISHPKYRAALMKKLPCLACSTEGQDNTSAATTQVSEKEESS,"Neogonodactylus oerstedii opsin L19 (L19) mRNA, complete cds",NA
MT112884.1,Arthropoda,Malacostraca,Stomatopoda,Neogonodactylus,oerstedii,Neogonodactylus oerstedii,GCACACAGTGGTATTCAGTCGTCCGAACACCCTTGCGACTTATTTGGTAAGTCCAAATAAGCAGCGACCACCATGGCGGAACCAAGCTTCGCAGCCTTCCGGCAAGACCATAACTCTGGCGAGATGAGCTATACCAACCCATATGGCAACTACACGGTGATCGACACTGTGCCAGAGGACGTGATCCATCTCGTCAGCAACCACTGGTACAGTTTCCCCCCTCTCAACACCATGTGGTACGGTTTGATTGCCTTCTACGTTGCTCTCTGCACCGTCTTCTCCCTCACCGGTAACGTGACTGTTATCTACATCTTCATGAGCACCAAGAGCCTCCAGACACCTGCTAACTACTTCGTCGCCAACCTGGCCTTATCCGACTTCTGCCTCATGTTCTTTATGTGCCCACCTCTACTCGTTAACAGCTACTATGGCACGTGGGTGTGGGGACCCTACGCTTGCCAGCTCTACGGCGTCATCGGATCGGGGACTGGGTGCACCTCCATCTTCCTCATGATGTGCATCTCCTATGACAGATACAATGTTATCGTCAAGGGTATCGGCGCCAAGCCCCTGACCAAGGGCAGCGCCATCTTCCAGAGCCTCATGTGCTGGGTCGTGTCTATGTCCTGGACTCTCATGCCCCTCTTCGGCTGGGGTAGGTATGCCCCCGAGGGCAACATGACTGCTTGCGGCACTGACTATCTTTCCGAGGATTTCAACGTCATAAGTTACGTCGCGATCTACTGCACCTGGTGCTACTTCATACCTTTGTTCTTCATCATCATCTGCTACTGGTTCATCGTTGCCGCTGTGCGCGAACATGAGAACAATATGCGTGCCCAGGCTAAGAAAATGGGTGTCAAGTCTCTCCGCGGAGACGCCGATGCCCAGAAGAAGTCCAACGACTGCAAGCTGGCCAAGGTTGCAATGGTCACCGTCTCCCTGTGGTTCATTGCCTGGACTCCCTATCTTATCATCAATATGGCTGGTCTCTGTAACAAGTCCATGATCACTCCTCTCTTCTCCATCTGGGGTTCCGTCTTCGCCAAGGCGAACACCGTTTACAACCCCATCGTATACGCTATCAGCCACCCGAAGTACAAGACCGCCCTCTACCAGAAGATGCCCTTCCTGCAGTGCGCTCCTGAGTCCAACGAGGACGACACCAAGTCCAGCACCACCACCAACGACGACGCTAGGCTTAAGGACAACGACACTTTTCAAATATGACATAGGCTAGCGACTTTAACTACACGACGACTAAATCACTCCTTTCCTGACTTCGTTATCCCTTGGGTCTGCAGACCAATCCAGAATAAACCACTGCTCATC,MSYTNPYGNYTVIDTVPEDVIHLVSNHWYSFPPLNTMWYGLIAFYVALCTVFSLTGNVTVIYIFMSTKSLQTPANYFVANLALSDFCLMFFMCPPLLVNSYYGTWVWGPYACQLYGVIGSGTGCTSIFLMMCISYDRYNVIVKGIGAKPLTKGSAIFQSLMCWVVSMSWTLMPLFGWGRYAPEGNMTACGTDYLSEDFNVISYVAIYCTWCYFIPLFFIIICYWFIVAAVREHENNMRAQAKKMGVKSLRGDADAQKKSNDCKLAKVAMVTVSLWFIAWTPYLIINMAGLCNKSMITPLFSIWGSVFAKANTVYNPIVYAISHPKYKTALYQKMPFLQCAPESNEDDTKSSTTTNDDARLKDNDTFQI,"Neogonodactylus oerstedii opsin L15 (L15) mRNA, complete cds",NA
MT112883.1,Arthropoda,Malacostraca,Stomatopoda,Neogonodactylus,oerstedii,Neogonodactylus oerstedii,GCTCTTGTCGGCAACCACTTCCTGGCACGGAGATTCTTCCTCGGTCAGTGCCAGGCTGCCCTTTCGTATCTACTAAAGGACGGCCACAGCTGAAGTTCAGTTTCCAACATACTCCAAACGTCTTTTACGAGATTATCGATACCAGACGAATAAGGCAAAATGTCTTACTACGACGATTCCGCCTCTGCCGCATACACGAACCCTTATGGGAACCACACAGTGGTGGACACCGTGCCCGCTGACATGCTCCACCTGATCGACTCCCACTGGTATGGATTCCCTCCTCTTAATGACATGTGGTACGGGATCCTCGCCTTCTTTATCTCCGTGACGGGGATCCTCGCCGTCGGAGGAAACTTCGTTGTCATCTGGGTCTTCATGTGCACCAAGGCTCTCAGGAGTCCTTCAAACTACTATGTGGTTAACCTGGCCATCTCCGACTTCACCCTCATGGCTTGCATGTGCCCACCAGTGGTCATCAACAGCTATTACAGGACATGGATCTTCGGGCCCACTTTCTGCTACGTGTATGCAGCTATCGGGTCCCTGACTGGGTGCGCTTCCATCTTCACGATGTGCCTCATCTCCTATGACAGATATAACGTCATTGTAAAGGGTATCGGCGGAAAGCCCCTCACCACCGGCAAGGCAATGCTGATGATCCTCCTTGTCTGGCTCACTTCAGCCGCCTGGACGTTCGCTCCCTTCTTCGGCTGGAGTCGCTACGTCCCCGAAGGCAACATGACCGCCTGCGGTACTGACTACCTCCGAGGAAGCATCCTGGACCAGACATACCTGTGGTCCTACACAACATGGTGTTATTTCATGACCTTTGTCTTCATCGTCTACTGCTACTGGTTCATCGTAGCCGCTGTCAGGAACCACGAGAAGGCCATGAGGGAGCAGGCTAAGAAGATGGGCGTCAAGTCCCTCCGAGGCGACGCCGACGCTCAGAAGAAGTCTGCCGACTGCAAGCTGGCCAAGATCGCCCTTATCAACGTGTCCCTCTGGTTCATGGCCTGGACACCCTACGCCATCATCAACATCGCCGGATTGACTAACAAGGAAATCGTCACACCTCTCTTCTCCATCTGGGGTTCCGTCTTCGCCAAGGCAAACACTGTCTATAACCCCATTGTGTACGCTATCAGCCACCCTAAGTACAAGGGTGCCCTGTACCAGAAGCTGCCTTGGCTKCAGTGCGCTCCTGATGTTCCTGAAGACGACTCCRAGTCCACTGCTTCSACCACGACCACAGGAGGAGAAGAAAAGGCCTAAGGAAGAAAGATGTGTCTCTGGACCGGAAACCGACTAAGAATGGAATGATATTGCTMACTGACGATAACGATAACCGATGACTCTTTTCCTTACCTCACCGTCTGCAGACGACCCTCCTTGTCACCAATAAACCCAGAGCGACCCGTGT,MSYYDDSASAAYTNPYGNHTVVDTVPADMLHLIDSHWYGFPPLNDMWYGILAFFISVTGILAVGGNFVVIWVFMCTKALRSPSNYYVVNLAISDFTLMACMCPPVVINSYYRTWIFGPTFCYVYAAIGSLTGCASIFTMCLISYDRYNVIVKGIGGKPLTTGKAMLMILLVWLTSAAWTFAPFFGWSRYVPEGNMTACGTDYLRGSILDQTYLWSYTTWCYFMTFVFIVYCYWFIVAAVRNHEKAMREQAKKMGVKSLRGDADAQKKSADCKLAKIALINVSLWFMAWTPYAIINIAGLTNKEIVTPLFSIWGSVFAKANTVYNPIVYAISHPKYKGALYQKLPWLQCAPDVPEDDSXSTASTTTTGGEEKA,"Neogonodactylus oerstedii opsin L14 (L14) mRNA, complete cds",NA
MT112882.1,Arthropoda,Malacostraca,Stomatopoda,Neogonodactylus,oerstedii,Neogonodactylus oerstedii,AAGTCGTCGAAGCCGATCGTCTGGGACATCTTTGGGACTCCTCTGAGACCACATTTAGTTCCAAACGAATCACAATGGAGACGGAGGGACCACCAAGCTTCGCCAGCTTCGTTCAACGTAACAGCGACATCAATGGCCAAATGAGTTACACCAACCCGTTTGGCAACTACACGGTAGTTGACATTGTTCCCGATGACATGCTCCACCTCATCGACAACCACTGGTACCAGTTCCCACCGCTGAACCCTATGTGGCATGGCTTGGTAGCCTTCTTCGTAGCTTTCTGCGCCATTTTCTCGCTGTCGGGCAACCTGACGGTGATGTACATGTTCTTCACAACGAAATCCCTACAGACGCCAGCCAACATCCTGGTGGTCAACCTTGCCCTCTCCGACTTCACCCTTATGTTCTGCATGTGTCCGCCCTTGCTGGTCAACTGCTACAACGGTACTTGGGTCTGGGGTCCCACGGCATGTCAGATCTACGGTACCATCGGATCGGGGACTGGATGCACCTCCATCTTCCTGATGTGCTGCATCTCGCACGACCGATACAACGTTATTGTCAAGGGCATTGGAGGAAAGCCACTTACGAAGAACGGCGCCATCCTGCAGGCGTTTCTCTGCTGGGCCACGTCCGCCGCATGGACACTTACGCCCTTCATCGGCTGGGGACGCTACACCCCCGAGGGAAACATGGCTGCCTGTGGAACGGATTACCTCTCCACTGATTTCATGAACGTCTCCTACCTTTGGGCTTACACATTTTGGTGCTTCTTCTTTCCTCTCTTCTACATCATCTACTGCTACTGGTTCCTTGTGGCTGCCGTCAGGGAACACGAAAAGCAAATGCGCGAGCAAGCCAAGAGGATGGGGATCAAGTCTCTGCGTGGTGATGCCGACGCCCAGAAGAAGTCCAATGACTGCAAACTCGCCCGAGTTGCAATGGTCACTGTGTCCCTATGGTTCATCGCCTGGACGCCATATTGCATCATCAACATCGCGGGCCTGACGGACAGGTCCATCGTGAGTCCACTCTTCTCCATCTGGGGCTCCATCTTCGCCAAGGCAAACACTGTGTACAACCCGATTGTGTATGCCATCAGCCACCCCAAGTATAAGGCTGCCCTGTACGAGAAGATGCCCTGGCTCCAGTGCACGGCGGAGACTAACGATGATGCCAAGTCGACCACGACGTCGACCTCAGTGGAAGAACCCAAAGCGTAACAGGTCCTATAAAGATGAAAACTGCGACTTCAAACGATAACGACGCAAGATATGAATCCCCTCGACAATAGCCCATACCTATCAGCAGATGACTATAATAAAGAAATCCTTGCATC,MSYTNPFGNYTVVDIVPDDMLHLIDNHWYQFPPLNPMWHGLVAFFVAFCAIFSLSGNLTVMYMFFTTKSLQTPANILVVNLALSDFTLMFCMCPPLLVNCYNGTWVWGPTACQIYGTIGSGTGCTSIFLMCCISHDRYNVIVKGIGGKPLTKNGAILQAFLCWATSAAWTLTPFIGWGRYTPEGNMAACGTDYLSTDFMNVSYLWAYTFWCFFFPLFYIIYCYWFLVAAVREHEKQMREQAKRMGIKSLRGDADAQKKSNDCKLARVAMVTVSLWFIAWTPYCIINIAGLTDRSIVSPLFSIWGSIFAKANTVYNPIVYAISHPKYKAALYEKMPWLQCTAETNDDAKSTTTSTSVEEPKA,"Neogonodactylus oerstedii opsin L13 (L13) mRNA, complete cds",NA
MT112881.1,Arthropoda,Malacostraca,Stomatopoda,Neogonodactylus,oerstedii,Neogonodactylus oerstedii,GGCAAACCGTTCAGTCGAAGGTTGTACGCTGCTCCTCTTGAACGTTTTCATTTCGTCAAGAACGCAGGCAACTAGAGAGGCAGATAGCTGCTCCCTTCGTCTCCGACTCGATCGACAGACTCGTTAAAGATGTCGTACTGGGAAGACCCCGCTCAGYTGGCAGGCTCGTMCTCGATGGCTAACACCAATCCCTATGGCAATTACACCGTCGTGGATACTGTGCCGACTGACATGCTGCACATGATCCATTCCCACTGGTACCAGTATCCACCCATGAATCCACTGTGGTACGGCCTCCTCGGCTTCACCATGGCCATCTTGGGAATCTTCTCCCTAGCAGGTAATTTCGTCGTCGTCTGGGTYTTCTTGACCACCAAGTCACTCCGGTCTCCATCCAACTACCTCGTCGTCAACTTGGCCCTCAACGATTTCCTTATGATGTTCGTCAATTTCCCGCCCATGGTRATAAATTGCCACATGGGTACCTGGGTATTTGGACCCCGCTTCTGCGAGATCTATGCCTTCTGGGGTAACATGTGTGGCTGCGTATCCATCTACACCATGGTCTGGATCACACTTGACCGATACAATGTCATCGTCAAGGGCATGAACGGAACACCTCTGACAACTAAGGGTGCTATGCTCCGCAACCTCTTCTCCTGGGTCGTCGCTATCGTTTGGTGCATCCTCCCCTTCTTTGGATGGAACCGTTATGTTCCTGAGGGTAACATGACCGCCTGTGGTACCGACTACCTGACGGACGACGAATTCTCCAAGAGCTACCTGTATGTCTATACTTCCTGGGTCTTCTTCGTACCCTTCCTCATCATTGTGTTCTCCTACTACTTCATCGTGAAGGCTGTCATGGCTCATGAGAAGGCCATGCGCGAACAGGCCAAGAAGATGGGAGTCAAGTCTCTCCGATCTGAGGAAGCCAAGAAGACCTCCAACGAGTGCCGCTTGGCCAAGATCGCCCTCATGAACGTGTCCCTCTGGTTCATGGCATGGAGCCCATACATGGTCATCAACTGGGCCGGTATGTTCTCCCCCTCCACCGTCACTCCCATCTTCTCCATCTGGGGATCCGTCTTCGCCAAGGCCAACTCCGTCTACAACCCTCTGGTGTATGCTCTCACTCACCCCAAGTACCGTGCCGCTCTCTACGTCAAGCTGCCCTTCCTGGCCTGCAAGGGTGACTCAGATAATGACAACTCCTCTGCTACCTCCAGTGCAACCACTGCCGCTCCTGAGAAGACAGAGCAGGCATAAAGGCATCACTGGTACCTACCAGTTCTACGGTATCTCACGAATTCTGGATCGAAGCTTTGGATTATGGTTTGAACGATGCAGTCTGAATTTTCTCGAATAATAGAGTGCTCTGTATTAATCCTGAACATCGAACTGTAACCCTACAATATATCTTCCATGCAAT,MSYWEDPAQLAGSXSMANTNPYGNYTVVDTVPTDMLHMIHSHWYQYPPMNPLWYGLLGFTMAILGIFSLAGNFVVVWVFLTTKSLRSPSNYLVVNLALNDFLMMFVNFPPMVINCHMGTWVFGPRFCEIYAFWGNMCGCVSIYTMVWITLDRYNVIVKGMNGTPLTTKGAMLRNLFSWVVAIVWCILPFFGWNRYVPEGNMTACGTDYLTDDEFSKSYLYVYTSWVFFVPFLIIVFSYYFIVKAVMAHEKAMREQAKKMGVKSLRSEEAKKTSNECRLAKIALMNVSLWFMAWSPYMVINWAGMFSPSTVTPIFSIWGSVFAKANSVYNPLVYALTHPKYRAALYVKLPFLACKGDSDNDNSSATSSATTAAPEKTEQA,"Neogonodactylus oerstedii opsin L12 (L12) mRNA, complete cds",NA
MT112879.1,Arthropoda,Malacostraca,Stomatopoda,Neogonodactylus,oerstedii,Neogonodactylus oerstedii,CAAACCGTCCAGTCGAAGGTTGTTCGCTGCTCCTCCTGRACGCATTCTATTCGTCAGGAACGCAGGCACCTRGAGAGGCAGATTGCTGCTCCCTTCGTCTACGACTCGATCGACAGATTCGTGAAAGATGTCTTACTGGGAAGACCCCGCCCAGGTGGCCAGCTCCTCCGCCTTGGCTATCACCAACCCCTATGGCAATTACACCGTCGTGGATACTGTGCCGCAAAACAYGCTGCACATGATCCATTCCCACTGGTACCAGTACCCACCCATGAACCCTCTGTGGTACGGCCTCCTCGGCTTCACCATTACCATCTTGGGAATCTTCTCCCTATCAGGTAACTTCGTCGTCGTTTGGGTCTTCCTGAACACCAAGTCACTTCGGTCTCCGGCCAACACCCTTGTTGTTAACTTGGCTCTCAATGACTTCCTTATGATGCTTGTCATGTTCCCGCCCCTGGTGATAAACAGTTACTGGGGTACCTGGGTATTTGGACCCCGCTTCTGCGAGATCTATGCCTTCTGGGGTAACATGTGTGGCTGCGTATCAATCAACACCATGGTCTGGATCACACTTGACCGATACAATGTCATCGTCAAGGGCATGAACGGAACACCTCTTACGGCCAATGCTGCTATGCTCCGCAACCTCTTCTCCTGGGTCTTCTCCATCGTCTGGTGCATCCTCCCCTTCTTTGGATGGAACCGTTACGTTCCCGAAGGTAACATGTGCGCCTGTGGTACTGACTACCTGACTGACAACGAGGTCTCCAAGAGCTACCTGTACGTCTACACTGTCTGGGTATTTGTCATTCCCTTCTGCATCATCGTGTTCTCCTACTTCTTCATCGTGAAGGCTGTCATGGCTCACGAGCAGCAGATGCGCGAACAGGCCAAGAAGATGGGTGTCAAGTCTCTCCGATCTGAGGAGGCCAAACAGACCTCCAATGAGTGCCGCCTGGCCAAGATCGCCCTCATGAACATATCCCTCTGGTTTATGGCCTGGAGCCCATACCTGGTCATCAACTTTGCCGGTATGTTCTCCCCCTCCACCGTCACTCCCCTCTTCTCTATCTGGGGATCCGTCTTCGCCAAGGCCAACGCCGTCTACAATCCTCTGGTGTATGCTATCAGTCACCCCAAGTACCGCGCAGCCCTCTACGTCAAGATGCCCTTCCTGGCCTGCAAGGGCGATTCCGATGAYGAYAGCGCCTCTACCACCTCCAGCGCAACCACTGCYGCTCCTGAGAAGACAGAGCAGGCATAAAGGCATAACTGATACTATTGGTTCTACGGCATCCCACGAATTATGGATCGAAGCTTTGGATTTTGGTTTGTCTCCTAAAAACATATGAACGACACAGTCCGAATGTTCTCGAATAACAGTGTTCTAAGATAATTAATCATGAAAATCACACTGTAACCCTATAATATACCTTGCATGCAAT,MSYWEDPAQVASSSALAITNPYGNYTVVDTVPQNXLHMIHSHWYQYPPMNPLWYGLLGFTITILGIFSLSGNFVVVWVFLNTKSLRSPANTLVVNLALNDFLMMLVMFPPLVINSYWGTWVFGPRFCEIYAFWGNMCGCVSINTMVWITLDRYNVIVKGMNGTPLTANAAMLRNLFSWVFSIVWCILPFFGWNRYVPEGNMCACGTDYLTDNEVSKSYLYVYTVWVFVIPFCIIVFSYFFIVKAVMAHEQQMREQAKKMGVKSLRSEEAKQTSNECRLAKIALMNISLWFMAWSPYLVINFAGMFSPSTVTPLFSIWGSVFAKANAVYNPLVYAISHPKYRAALYVKMPFLACKGDSDDDSASTTSSATTAAPEKTEQA,"Neogonodactylus oerstedii opsin L8 (L8) mRNA, complete cds",NA
MT112878.1,Arthropoda,Malacostraca,Stomatopoda,Neogonodactylus,oerstedii,Neogonodactylus oerstedii,GGGCAAACCGTCCGGTCGAAGGTTGTGCTCTGCTCTCCTYGAACGCATTCATTCRTCAAGACTGCAGGCACCTAGAAAGGCATATTGCTGCTCCCTTCGTCTCCGATTCGATCGACAAATTCGTTAARGATGTCTTATTGGGAAGACCCAGCTCAGTTGGCAGGCTCGTCGGCGTTGGCTAAYACCAACCCCTATGGCAATTACACCGTCGTTGRTACGGTGACGCCTGACATGCTGGGCATGGTCCATTCCCACTGGTACCAGTACCCACCCATGAACCCYCTGTGGTACGGYCTCCTYGGCTTCACCATGACCATCTTGGGAATCTTCTCCCTMGCAGGCAACTTTGTCGTCGTCTGGGTCTTCATGAACACCAAGTCACTTCGGTCTCCAGCCAACACTCTCGTCGTCAACTTGGCCCTCAATGACTTCCTTATGATGTTCGTCAATTTCCCACCCATGGTGATAAACAGTTACTGGGGTACCTGGGTATTTGGACCCCGCTTCTGCGAGTTCTATGCCTTCTGGGGYAACATGTGTGGCTGCGTATCYATCTACACCATGGTCTGGATCACACTTGACMGATAYAATGTCATCGTCAAGGGCATGAACGGAAAACCCCTCACGTCTAAGGGTGCTATGCTCCGCAACCTCTTCTCCTGGGTCTTCTCTATCGTCTGGTGCCTCTTCCCCTTCTTCGGATGGAACCGTTACGTTCCTGAAGGTAACATGACCGCCTGTGGTACTGACTACCTGACGGACGACCAGTTCTCCAAGAGCTACCTGTACGTCTATACTACCTGGGTCTTCTTCATGCCTTTCTTTATCATCGTGTTCTCCTATTTCTTCATCGTGAAGGCTGTCATGGCTCACGAGCAGCAGATGCGCGAACAGGCCAAGAAGATGGGCGTMAAGTCTCTCCGATCTGAAGAAGCCAAACAGACCTCCAACGAGTGCCGCTTGGCCAAGATCGCCCTCATGAACGTGTCCCTCTGGTTCATGGCATGGAGCCCATACATGGTCATCAACTGGGCCGGTATGTTCTCTCCCTCCACCGTCACTCCCATCTTCTCCATCTGGGGATCCGTTTTTGCCAAGGCCAACTCCGTCTACAACCCTCTGGTGTATGCTCTCACTCACCCCAAGTACCGCGCAGCCCTCTACGTCAAGCTGCCCTTCCTGGCCTGCAATGGCGACTCAGATAATAATGACAACGCCTCTGCCACCTCCAGTGCGACCACTGCCGTTCAGGAGAAGTCAGAGCAGGCATAAAGGCATCACTGGTACCTACCAGTTCTACGGTATCTCACGAATTATGGATCGAAGCTTTGGAATGTGGTTTGTCTCCTAACGCCAAATGAACGACAGTCTGAATTTTCTCGAATAATAGAGTACTCTTCATTAATCATGAATTTCGAACTGTAACCCTGCAATATACCTAACATGCAAT,MSYWEDPAQLAGSSALANTNPYGNYTVVXTVTPDMLGMVHSHWYQYPPMNPLWYGLLGFTMTILGIFSLAGNFVVVWVFMNTKSLRSPANTLVVNLALNDFLMMFVNFPPMVINSYWGTWVFGPRFCEFYAFWGNMCGCVSIYTMVWITLDRYNVIVKGMNGKPLTSKGAMLRNLFSWVFSIVWCLFPFFGWNRYVPEGNMTACGTDYLTDDQFSKSYLYVYTTWVFFMPFFIIVFSYFFIVKAVMAHEQQMREQAKKMGVKSLRSEEAKQTSNECRLAKIALMNVSLWFMAWSPYMVINWAGMFSPSTVTPIFSIWGSVFAKANSVYNPLVYALTHPKYRAALYVKLPFLACNGDSDNNDNASATSSATTAVQEKSEQA,"Neogonodactylus oerstedii opsin L7 (L7) mRNA, complete cds",NA
MT112877.1,Arthropoda,Malacostraca,Stomatopoda,Neogonodactylus,oerstedii,Neogonodactylus oerstedii,GACCTCGAGAGTTGCACAGCTGCTCCCTTCGTCTCCGACTCGATCGACAAATTCGCTAAAGATGTCTTATTGGGAAGATCCAGCTCAGTTGGCAGGCTCGTCTGAGTTGGCTAACACCAATCCCTATGGCAATTACACCGTTGTGGATACGGTGACGCCTGACATGCTGCGCATGGTCCACTCCCACTGGTACCAGTACCCACCCATGAACCCTCTGTGGTATGGCCTCCTTGGCTTCACCATGACCATCTTGGGAATCTTCTCCCTAGCAGGCAACTTTGTCGTCGTCTGGGTCTTCATGAACACCAAGTCACTTCGGTCTCCATCCAACACTCTCGTCGTCAACTTGGCCCTCAATGACTTCCTTATGATGTTCGTCAATTTCCCACCCATGGTGATAAACAGTTACTGGGGTACCTGGGTATTTGGACCCCGCTTCTGCGAGTTCTATGCCTTCTGGGGTAACATGTGTGGCTGCGTATCCATCTACACCATGGTCTGGATCACACTTGACAGATACAATGTCATCGTCAAGGGCATGAACGGAAAACCCCTCACGTCTAAGGGTGCTATGCTCCGCAACCTCTTCTCCTGGGTCTTCTCCATCGTCTGGTGCATCCTCCCCCTCTTCGGATGGAACCGTTACGTTCCTGAAGGTAACATGACCGCCTGTGGTACCGACTACCTGACGGACGACCAGTTCTCCAAGAGCTACCTGTACGTCTACTCAACCTGGGTCTTCATCGGCCCCTTCTTCCTCATTGTGTTCTCGTACTTCTTCATCGTGAAGGCTGTCATGGCTCACGAGCAGCAGATGCGTGAACAGGCCAAGAAGATGGGTGTCAAGTCTCTCCGATCTGAGGAAGCCAAGCAGACCTCCAACGAGTGCCGCCTGGCCAAGATCGCCCTCATGAACGTGTCCCTCTGGTTCATGGCATGGAGCCCATACCTGGTCATCAACTGGGCCGGTATGTTCTCCCCAGCCACCGTCACTCCCCTCTTCTCCATCTGGGGATCCGTCTTCGCCAAGGCCAACTCCGTCTACAACCCTCTGGTGTATGCTCTCACTCACCCCAAGTACCGCGCAGCTCTCTACGTCAAGCTGCCCTTCCTGGCCTGCAAGGGCGACTCATATGAAGACAATACCTCCGCCACCTCCAGCGCGACCACTGCCGTTGCTGAGAAGTCAGAAAAGGCATAGAGGCATCACTAATATCTAAATAACACTACGGCATCTTACGAATTATGGATCGAAGCTATGGATTATGGTTTGTCTCCTAACACCAAATGAACGATGCAGTCCGAATTTTCTCGAATAATGGAGTACTCTGAATTAATCATGAAAATCAAACTGTAACCCTGCAATATACCTTACATGCAAT,MSYWEDPAQLAGSSELANTNPYGNYTVVDTVTPDMLRMVHSHWYQYPPMNPLWYGLLGFTMTILGIFSLAGNFVVVWVFMNTKSLRSPSNTLVVNLALNDFLMMFVNFPPMVINSYWGTWVFGPRFCEFYAFWGNMCGCVSIYTMVWITLDRYNVIVKGMNGKPLTSKGAMLRNLFSWVFSIVWCILPLFGWNRYVPEGNMTACGTDYLTDDQFSKSYLYVYSTWVFIGPFFLIVFSYFFIVKAVMAHEQQMREQAKKMGVKSLRSEEAKQTSNECRLAKIALMNVSLWFMAWSPYLVINWAGMFSPATVTPLFSIWGSVFAKANSVYNPLVYALTHPKYRAALYVKLPFLACKGDSYEDNTSATSSATTAVAEKSEKA,"Neogonodactylus oerstedii opsin L6 (L6) mRNA, complete cds",NA
MT112873.1,Arthropoda,Malacostraca,Stomatopoda,Neogonodactylus,oerstedii,Neogonodactylus oerstedii,CAGGCTGTCACTGAGCGCCAGAGAGCAAGTACAGATCTGAAGCCCGGAAAGGCAGCCGAGGCAACGAAACACCTTCACCGAAGTCTGTTAGGGCCGTCGAGAATCCCCTAACCTCAAGATGTCATATTGGAATTCCAACAAGGCCATGGAGGAATACAGCCTTCCTTCCACCAACCCATATGGTAACTTCACCGTAGTGGACACGGTACCCGAGAATATGCTCCACATGGTTCATTCTCACTGGTATCAGTTCCCACCTCTCAACCCCATGTGGTATGGGATATTAGCCTTTGTCGTGACGGTCGTGGGCTTGTGTTCCATCTGCGGAAACTTTGTCGTCATATGGGTCTTCATGAATACCAAAGCCCTGCGCTCGCCTGCTAATACGTTGGTCGTCTCCCTGGCTGTCTCGGACTTCATCATGATGACATGCATGTTCCCGCCCCTCGTCCTCAACTGCTACTGGGGAACGTGGATCTTCGGACCGCTGTTCTGCGAAGTGTATGCTTTCATCGGCAACACGGTCGGGTGTGCGTCCATAGGCAACATGATCTTCATCACTTTCGACCGCTACAACGTCATCGTTAAAGGCGTGTCGGGAAAGCCGCTCTCCCAGAAGAACGCCACTCTGCAGGTCCTCTTCGTCTGGATTTGCTCCATCATGTGGTGTGTCTTCCCCTTCTTCGGGTGGAACCGTTATGTCCCCGAAGGGAACATGACCGCCTGTGGCACCGACTACCTGACGGAAGACGAGTTCTCAAGGAGCTATCTCTACATCTACTCCGTTTGGGTCTACATTGGTCCCCTGGCTCTCATCATCTACTGCTACCTCCACATCGTCTCGGCTGTTGCAACACACGAGAAGCAGATGCGCGACCAGGCCAAGAAGATGGGAGTCAAATCCCTGCGAACCGAGGAAGCCAAGAAGACCTCTGCTGAATGCCGATTAGCCAAGGTGGCCCTGACGACGGTATCCCTCTGGTTCATGGCCTGGACCCCGTACTTAATCATCAACTGGGCTGGTATGTTCTACCCCTCAGTTGTGTCTCCCCTCTTCTCCATCTGGGGATCTGTCTTCGCCAAGTCCAATGCCGTCTACAACCCCATCGTGTACGCCATCAGCCACCCTAAGTACCGTGCCGCCCTCTACAAGAAGCTGCCTTGCCTCGCCTGCAGCACTGAATCGGCTGATGAAGGTTCCGCCACCAACAGTGCCACTACTACAACCGCGGAAAAGTATGAATCTGCTTAGCTTCAGCGGACTGACTGCCTCCTCGGCCTCTCTGGCAACGACCCATACAACGAATCGAATCTCTCTTAAGTAATATTTACCTTTGGCATTACTTAGAAAACTTGGTCGAGTTATCTAGTGCACTAATGTAATCGTACCATTTTCTTCTATTGTAAATGAATCTTACCCAGCAGACT,MSYWNSNKAMEEYSLPSTNPYGNFTVVDTVPENMLHMVHSHWYQFPPLNPMWYGILAFVVTVVGLCSICGNFVVIWVFMNTKALRSPANTLVVSLAVSDFIMMTCMFPPLVLNCYWGTWIFGPLFCEVYAFIGNTVGCASIGNMIFITFDRYNVIVKGVSGKPLSQKNATLQVLFVWICSIMWCVFPFFGWNRYVPEGNMTACGTDYLTEDEFSRSYLYIYSVWVYIGPLALIIYCYLHIVSAVATHEKQMRDQAKKMGVKSLRTEEAKKTSAECRLAKVALTTVSLWFMAWTPYLIINWAGMFYPSVVSPLFSIWGSVFAKSNAVYNPIVYAISHPKYRAALYKKLPCLACSTESADEGSATNSATTTTAEKYESA,"Neogonodactylus oerstedii opsin L2 (L2) mRNA, complete cds",NA
MT112872.1,Arthropoda,Malacostraca,Stomatopoda,Neogonodactylus,oerstedii,Neogonodactylus oerstedii,GTCAGGCTGTCACTGAGCGCCAGAGAGCAAGTACAGATCTGAAGCCCGGAAAGGCAGCCGAGGCAACGAAACACCTTCACCGAAGTCTGTTAGGGCCGTCGAGAATCCCCTAACCTCAAGATGTCATATTGGAATTCCAACAAGGCCATGGAGGAATACAGCCTTCCTTCCACCAACCCATATGGTAACTTCACCGTAGTGGACACGGTACCCGAGAATATGCTCCACATGATTCATTCTCACTGGTATCAGTTCCCACCTCTCAACCCCATGTGGTATGGGATATTAGCCTTTGTCGTGACGGTCGTGGGCTTGTGTTCCATCTGCGGAAACTTTGTCGTCATATGGGTCTTCATGAATACCAAAGCCCTGCGCTCACCTGCTAATACGTTGGTCGTCTCCCTGGCTGTCTCGGACTTCATCATGATGGCATGCATGTTCCCGCCCCTCGTCCTCAACTGCTACTGGGGAACGTGGATCTTCGGACCGTTGTTCTGCGAAGTGTATGCTTTCATCGGCAACACGGTCGGGTGTGCTTCCATAGGCAACATGATCTTCATCACTTTCGACCGCTACAACGTCATCGTTAAAGGCGTTTCGGGAACGCCGCTCTCCCAGAAGAACGCCACTCTGCAGGTCCTCTTCGTCTGGATTTGCTCCATCATGTGGTGTGTCTTCCCCTTCTTCGGGTGGAACCGTTATGTCCCCGAAGGGAACATGACCGCCTGTGGCACCGACTACCTGACGGAAGACGAGTTCTCAAGGAGCTATCTCTACGTCTACTCCGTTTGGGTCTACATTGGTCCCCTGGCTCTCATCATCTACTGCTACTTCCACATCGTCTCGGCTGTTGCAACACACGAGAAGCAGATGCGCGACCAGGCCAAGAAGATGGGAGTCAAATCCCTGCGAACCGAGGAAGCTAAGAAGACCTCTGCTGAATGCCGATTAGCCAAGGTGGCCCTGACAACGGTGTCCCTCTGGTTCATGGCCTGGACCCCGTACTTAATCATCAACTGGGCTGGTATGTTCTACCCCTCAGTTGTGTCTCCCCTCTTCTCCATCTGGGGATCTGTCTTCGCCAAGGCCAACGCCGTCTACAACCTCATCGTGTACGCCATCAGCCACCCTAAGTACCGTGCCGCCCTCTACAAGAAGCTGCCTTGCCTCGCCTGCAGCACTGAATCGGCTGATGAAGGTTCCGCCACCAACAGTGCCACTACTACAACGGCGGAAAAGTATGAATCTGCTTAGCTTCAGCGGACTAACTGCCTCTCCGGCCTCTCTGGCGACGACCCAAACGACGAATCGAATATCTTTCACGTAACAATTACCCTTGCCATTACTTAGAAAACTTGGTGGGTTATCTAGTGCACTAATGTAATCGTACCATTTTCTTCTATTGTAAATGAATCTTGCCCCGCAAACT,MSYWNSNKAMEEYSLPSTNPYGNFTVVDTVPENMLHMIHSHWYQFPPLNPMWYGILAFVVTVVGLCSICGNFVVIWVFMNTKALRSPANTLVVSLAVSDFIMMACMFPPLVLNCYWGTWIFGPLFCEVYAFIGNTVGCASIGNMIFITFDRYNVIVKGVSGTPLSQKNATLQVLFVWICSIMWCVFPFFGWNRYVPEGNMTACGTDYLTEDEFSRSYLYVYSVWVYIGPLALIIYCYFHIVSAVATHEKQMRDQAKKMGVKSLRTEEAKKTSAECRLAKVALTTVSLWFMAWTPYLIINWAGMFYPSVVSPLFSIWGSVFAKANAVYNLIVYAISHPKYRAALYKKLPCLACSTESADEGSATNSATTTTAEKYESA,"Neogonodactylus oerstedii opsin L1 (L1) mRNA, complete cds",NA
MT112871.1,Arthropoda,Malacostraca,Stomatopoda,Neogonodactylus,oerstedii,Neogonodactylus oerstedii,GAGACGAACCGACGGCGAAGAGGAGCGGCGCCATCACCTGAAGCAGCAGCAGAAACAGCAGCGATCCTTCGGAGTGAATACCTGAAAGTAGAGCAGGCTACTGCACCAGCAAGATGACGTATTGGAGTGATCCCGTTACATCGGCTGAATCAAGCCTGCCATCTACCAACCCCTATGGCAACTACACTGTGGTCGACACGGTACCAAAGGACATGCTCCATTTAGTGGATACCCATTGGTACCAGTTCCCGCCCTTAAATCCCCTTTGGCATGGTCTCCTCGGGATCTGCATCTTCGCCATCGGCATGATGGGTGCGATAGGCAACGGCGTCGTGATATGGGTCTTCATGAACACCAAGAGCCTTCGCAACCCTACCAACACTCTCGTGATCAATCTGGCTCTGTCAGACTTCCTGATGATGCTCTCCATGTGCCCTGCTATGGTCATCGGTTGCTACTACGGCACATGGGCCCTTGGACCCTTTGCCTGCGAACTATACGGTTTCGCGGGCTCTCTCTTCGGATGCACTTCTATCTGGACCATGGTTCTCATCACGCTCGACAGATACAATGTCATCGTCAAAGGAGTGTCCGCTAAACCCTTAAGCAAGAAGGGAGCCATACTCCAAATCCTCTTCGTCTGGACCATGTCCCTCATCTGGTGTCTGTTCCCTTTCTTCGGTTGGAACCGTTACGTTCCGGAGGGCAATATGACCGCCTGCGGTACTGACTACCTGACTGAGGAAACGTTGTCCGTCAGCTACCTGTACGTCTATGCCACCTGGGTCTATGGCATGCCTCTATTTATTGCAGTGTACAGCTACACTTTCATCGTCAGAGCCGTAGCCGCTCACGAGAAGCAGATGCGCGACCAGGCCAAGAAGATGGGTGTTAAGTCCCTCCGCAACGAGGAAGCCCAGAAGACTTCTGCTGAGTGCCGCCTGGCCAAGGTGGCCCTCGTCACCGTGTCCCTGTGGTTCATGGCCTGGACCCCTTACTTTATTATCAACTTCACTGGTATTCTTAACAGGGAGAAGGTAACTCCCCTCTTCTCCATATGGGGATCTCTCTTTGCTAAGAGCAACGCCATCTACAATCCTATTGTGTACGCCATCAGCCATCCCAAGTACCGAGCCGCCCTCATGAAGAAGATGCCCTGCCTCGCCTGTAGCACCGATGGGGGAGAAGGTGACGTTGCATCTGCCACCACCAACCAGACCGGCAACAACGGCAAGACTGACGCAGCCTGAAGCCTGACTGAACCCAATAGACGTGGAAGCTCTTTAGATGAAATACGAAGATTACGACGACCTCTCTAATGATTCGAATTAATTCCCTTGTTGGTTGCACACACCAATAAACCCAGCAG,MTYWSDPVTSAESSLPSTNPYGNYTVVDTVPKDMLHLVDTHWYQFPPLNPLWHGLLGICIFAIGMMGAIGNGVVIWVFMNTKSLRNPTNTLVINLALSDFLMMLSMCPAMVIGCYYGTWALGPFACELYGFAGSLFGCTSIWTMVLITLDRYNVIVKGVSAKPLSKKGAILQILFVWTMSLIWCLFPFFGWNRYVPEGNMTACGTDYLTEETLSVSYLYVYATWVYGMPLFIAVYSYTFIVRAVAAHEKQMRDQAKKMGVKSLRNEEAQKTSAECRLAKVALVTVSLWFMAWTPYFIINFTGILNREKVTPLFSIWGSLFAKSNAIYNPIVYAISHPKYRAALMKKMPCLACSTDGGEGDVASATTNQTGNNGKTDAA,"Neogonodactylus oerstedii opsin L17 (L17) mRNA, complete cds",NA
MT112870.1,Arthropoda,Malacostraca,Stomatopoda,Neogonodactylus,oerstedii,Neogonodactylus oerstedii,GTCACTTCGAGGAGGCCTCGTCAGAAGCCGCGCCAAATTCTTCATTTTTCTTCGCTGTCGATTTTTGRAGAACTTTTTTGGCGACCCGGTCGAGTCGACTCACACAGAAGAAATGCTTCCACCTGCTGCGATGACCAACAACTCCCTCGTCATGGCTCTTCCATACAGGGATAGCCAACCACATAGCTTCGGCTACCCGGARGGMGTTACCCTCAAGGATTTTGTCCGGGAGGAAATCAATGACCTGGTACATCCCCACTGGTACAACTTCCCCCCGGTCAACCCCATGTGGCACTACCTCCTGGGCACGGTMTACATCATCCTCTTCACGATCTCCTTCGTCGGGAACTCCGTCGTGATCAACCTCTTCTTCAAGAGCAAGTCTCTCCGAACTCCGGCCAACATGCTGGTGGTTAACGTGGCTGTCTCGGACCTGTTAATGACCCTCTCCAACTACCCCATGTTCATATACAACTGCTTCCATGGCGGGGTCTGGATGTTCAGCGCCTTCTGGTGTTCCATGTACGGCGCCCTGGCGGGAGTGACAGGGGTCTGCACTATTTGGTCCCTGGCCATGATCTCGTACGACCGGTACAACATCATCTGCAACTCGTTCAACGGACCCAAGCTGACGAAGGGCAAGGCACTCCTCTGCATCTCGTGGTGCTGGACCATGGCACTCCTCTGGAACGGACTCCCCTTCTTCGGGTGGGGAAACTACACTCTGGAGGGGATCCTCGACTCCTGCTCCTTCGATTACCTCAGCACCGACTTTAATAACACCAGCTATACGCTCACCATCTTTGTGTTCGAYTACTGCATTCCCCTGGCCATCGTCGTCGGCGCCTACTTCTTCATCGTCAGAGCCATCTTCGCCCACGAGAAGTCGATGAGGGACCAAGCCAAGAAGATGAACGTCTCCAAACTCAGGTCCAACGAGGTGGAGGCCCAGCGAGCCGAGATCCGTATCACGAAGACCGCCATCATGAACGTCATGCTGTGGGTTTGCTGTTGGACTCCTTACGCCACTATCGCCGTCAAAGGAGTTCTTGGAGACCGGAGCGACATCACGCCCTTGGTGACGATCCTTCCGGCTCTCCTGGCAAAGTCGCTCTCCTGCTTCAACCCCTTCGTCTACGCCATCAGCCACCCCAAGTACCGGCAGGCCATCACGGAGCACATGCCCTGGTTCTGCGTCTACGAGCCAGACACTTCAAAACCGGAGGACAACAGATCCACAGTGACCTCGACCAAGGACGATAAGGCTTAGCGGCTTTGCCAGAACTCCAAGGGACCGACTACGATGTCTCGATCAGCGAACTCCGAAGCGCGTTTTAACAAACTGATTAGTTGAACCATCCACGTGGTGCGGCCTCATACCACCACCAAATATAGAATAAACTCCCTGCATATCC,MLPPAAMTNNSLVMALPYRDSQPHSFGYPEGVTLKDFVREEINDLVHPHWYNFPPVNPMWHYLLGTVYIILFTISFVGNSVVINLFFKSKSLRTPANMLVVNVAVSDLLMTLSNYPMFIYNCFHGGVWMFSAFWCSMYGALAGVTGVCTIWSLAMISYDRYNIICNSFNGPKLTKGKALLCISWCWTMALLWNGLPFFGWGNYTLEGILDSCSFDYLSTDFNNTSYTLTIFVFDYCIPLAIVVGAYFFIVRAIFAHEKSMRDQAKKMNVSKLRSNEVEAQRAEIRITKTAIMNVMLWVCCWTPYATIAVKGVLGDRSDITPLVTILPALLAKSLSCFNPFVYAISHPKYRQAITEHMPWFCVYEPDTSKPEDNRSTVTSTKDDKA,"Neogonodactylus oerstedii opsin M6 (M6) mRNA, complete cds",NA
MT112869.1,Arthropoda,Malacostraca,Stomatopoda,Neogonodactylus,oerstedii,Neogonodactylus oerstedii,TCAACTATGGCCAACACCTCATTCCCACGAGCACTTCCATACAGGAACCAACCTACCCTGGAGTACGGCTACCCTGAGGGAGTGACGATCCAGGACTTCATACCGGAGGAGATCAAGGACCTGGTACATCCCCACTGGTACAACTTCCCCCCGGTCAACCCCATGTGGCACTACCTCCTGGGCACGGTCTACATCTTCCTTGGCATCATTTCCGTTTTCGGTAACTCCATCGTGATCTACCTCTTCTTCAAGAGCAAAATTCTTCGAACTCCGGCCAACATACTGGTTCTTAACGTGGCCATATCAGACCTAATAATGACCCTTTCCAACTACCCCACGTTCATATACAACTGCTTCCACGGCGGGGTCTGGATGTTCAGCGCCTTCTGGTGCTCCATGTACGGCGCCCTGGCGGGAGTGACAGGAGTATCCACTATCTGGTCTCTAGCCATGATATCGTTCGACCGGTACAACATCATCTGCAACTCGTTCAACGGGCCCAAGCTGACGAGGGGCAAGGCACTCCTCTGCATCTCATGGTGCTGGGCCATGGCACTCCTCTGGAATGGACTCCCCTTCTTCGGGTGGGGCCGCTATACCCTGGAGGGGATCCTCGACTCCTGCTCCTTCGACTTCCTCAGTACAGACTTCAATAACACCAGCTACACGCTCACAATCTTCACATGCGACTACTGCATCCCCCTGGTCATCATCATCGGCGCCTACTTCTTCATCGTCAAGGCCATCTTTGCCCATGAGAAGTCGATGAGGGAACAAGCCAAGAAGATGAACGTAGCCAACCTAAGGTCCAACGAGGCGGAGGCCCAGCGCGCTGAAATCAGGATCACCAAGGCAGCCATCATGAACATCATGTTGTGGGTGTGCTGTTGGACCCCCTACGCCACCATTGCCGTTACAGGCGTTCTTGGAGATCGCACTGTTATCACGCCCCTGTTGACGATCCTCCCGGCTCTCCTGGCGAAGTCTCTCTCCTGCTTCAACCCCTTCGTCTACGCCATCAGCCACCCTAAGTTCCGGCAGGCCATCACTCAGCATATGCCCTGGTTCTGCGTGTACGAGCCTGTGAACAAGGAGACGGACGACACCAAGTCGACTGAAACAGCTTCTCGAAACATCAAGGATGAGAGGGCTTAATGNACTCCTCAGGAACTCTGAGCAAGAAAACCCACAACGACGACGACTTCGACCAACGACTCCGAACTAGCGTCTGCATGTTTGTCCTAACTAGTTGATTGCCTTGCTGGGGGGGGCGGCCTTCCTTCAATTCCTTCCAACTAACTTG,MANTSFPRALPYRNQPTLEYGYPEGVTIQDFIPEEIKDLVHPHWYNFPPVNPMWHYLLGTVYIFLGIISVFGNSIVIYLFFKSKILRTPANILVLNVAISDLIMTLSNYPTFIYNCFHGGVWMFSAFWCSMYGALAGVTGVSTIWSLAMISFDRYNIICNSFNGPKLTRGKALLCISWCWAMALLWNGLPFFGWGRYTLEGILDSCSFDFLSTDFNNTSYTLTIFTCDYCIPLVIIIGAYFFIVKAIFAHEKSMREQAKKMNVANLRSNEAEAQRAEIRITKAAIMNIMLWVCCWTPYATIAVTGVLGDRTVITPLLTILPALLAKSLSCFNPFVYAISHPKFRQAITQHMPWFCVYEPVNKETDDTKSTETASRNIKDERA,"Neogonodactylus oerstedii opsin M5 (M5) mRNA, complete cds",NA
MT112868.1,Arthropoda,Malacostraca,Stomatopoda,Neogonodactylus,oerstedii,Neogonodactylus oerstedii,GGCACGCAATCGACGGCCCATGGTAGACTATAGTCAGGAACAGTTCATCCCGTTTCTATCCTCCGACTCAAGATGTCCAGCCGAATCGGTGGAAACGCTTCCTTTGCAATGGCTTACACCTCAGCAGAAACATGGGGATACCCGGAAGGAATGTCGATAGTCGACACGGTGCCAGATTCTGTTAAACCTCTCATTCACCGCCACTGGCTCAACTACCCTCCCGTCAACCCTATGTGGCACTATCTACTCGGTATGATCTTTATCATTCTCGGCATAGCCAACTTATCCGGGAACTCGCTGGTTCTTTACCTCTTTACAACTAAGAAGTCGTTGAGATCACCGGCGAACATGCTGATTGTCAGCCTCTCCTTCGCAGACTTCATGATGATGCTCTCCCAGTTTCCCTTCGTTGTCTACAACTGCTTCAACGGAGGGTACTGGCAATTCGGACAGCTGGGTTGGGAGATTTTCGCATTTTTTGCATCGTTGACAGGAGACGCWGCCCTCCTGACTCTGGTCGCCATCGGATACGATCGGTATTGCGTCATTGTCAGGACCTTCGACGGAGTCCACATGACTCACCTCAAGGCCTCTTTCCTGATCCTCTTCTGTTGGTTATACTCAGGGAGTCTGGCCGTCTGGCCATTCTTCGGCTGGAGCGCCTACATCCCTGAGGGTATTCTTGCCTCTTGCACCTTCGACTACCTTACGGATGACTGGGAGACCAAGTCCTTCGGCCTCTTTCTTTTCATCATGTGCTACTGTGTGCCCCTCRTCTTCATCGTCTACTTTTACTCGCAGATCGTAATCGCGATTCGAGCCCACGAGCAGGCCCTCCGAGCTCAGGCCAAGAAAATGAACGTGGAGAACCTCCGCTCGAATGTAGACACAAACAAACAGAGTCAGGAGGTCCGTGTGGCCAAGGTGGCCGTGGCTAATGTGGGTCTCTGGCTCATCACCTGGACGCCCTACGCCTACATCGTCATGACAGGTATGTTCGGAGACAAGACCTCCATTACTCCACTGGTGTCTGCTCTGCCCGCCCTGATCCTGAAGACAGCCTCYTGCTACAATCCCATCATGTTCGCCATCTCACAYCCKAARTACCGCCTAGCCCTGCAGGAGGCYTTCCCTTGGTTCTGCATCCACGAACCCAAAGAAGAAGAGTCRAGGTCCGTGAAGACAGAAAAGGCTGAGAGCGGGAACTAATGGTACGGAGGTTATGAAGAGGCACTAGTTCACGTCACCGGATCTTTGCATGGTTGAACTATTTCTCCTGCACGCATTGTTATACAGTTATAGGTCGAGAAAATTTTCTTGGGAGGATCCCACTGTATGTATTCACACTTTCTTAGACCTCTCCTGTACATATTGTGAGCATGGAGCTCGTGTTGAGCGGGCGCACTATGACTATTCATATGGGACGAAAAAACGTTCTTGGAAGGACCACGTGTATTCACAAGGTGTTTATCAAATGAATGTTAGTTTCATGCTGAGTTCATTGTACCCTACGCGTGCAAGGTGGGATCATTAGACGGGTTATTTTGAACTATTAGAAATCTTAANATGCCCCTTTTGATCCTTGAGATATCANCAGGTGCACATCGTATGAATGATATTTCGTACACCCGGATTTGTACMCATTATATTGGTGAATACTAGGAAGTTTCATAAGGATTGCACTACTCGACATTCAGGA,MSSRIGGNASFAMAYTSAETWGYPEGMSIVDTVPDSVKPLIHRHWLNYPPVNPMWHYLLGMIFIILGIANLSGNSLVLYLFTTKKSLRSPANMLIVSLSFADFMMMLSQFPFVVYNCFNGGYWQFGQLGWEIFAFFASLTGDAALLTLVAIGYDRYCVIVRTFDGVHMTHLKASFLILFCWLYSGSLAVWPFFGWSAYIPEGILASCTFDYLTDDWETKSFGLFLFIMCYCVPLXFIVYFYSQIVIAIRAHEQALRAQAKKMNVENLRSNVDTNKQSQEVRVAKVAVANVGLWLITWTPYAYIVMTGMFGDKTSITPLVSALPALILKTASCYNPIMFAISHPKYRLALQEAFPWFCIHEPKEEESRSVKTEKAESGN,"Neogonodactylus oerstedii opsin M3 (M3) mRNA, complete cds",NA
MT112867.1,Arthropoda,Malacostraca,Stomatopoda,Neogonodactylus,oerstedii,Neogonodactylus oerstedii,CAGACACCGGCCGAAACGAACACCCGTTACAACCCACAGGACGGTTAACGAACGGCTGTATCGAAATCGCCGCCGGATAATTAACTAAAGAACCAACATCGCTTCGGCCGAAGAACTTTCGGGGTATTCTCGTCTAGACTTCTCGTACCCGACCGATTAACGAGCAACCTCATCTTCACAATGTTCTCTCGAGTTTTCAACGGAACGGGACCTCAGGCCCTGGCTCGCACCGTCGACCTCTCCTTCGGCTATCCTGACGGAGTCGTTATYAGCGACCTCGTGCCTGACCACATGAGGGACCTCGTCCATCCTCACTGGATGCAGTTCCCCCCTGTCAACCCAATGGTCCACTACATCCTTGGCATCGTCTACCTCATCCTCGGGACGGCTGCCATTTGTGGAAACGGAATGGTTCTGTACGTCTTTCTCAAAACCAAGAACCTTCGGACGCCTAACAACATGCTTGTGGTCAACTTGTCCTTCAGTGATCTCTGCATGTTGCTGTCCCAGTTCCCCTGGTTTACTTGGAACTGTTTCATGGGAGGTGTGTGGTACTTTAGTCCCCTTATGTGCGAGATTTATGCTTGCACGGGGGCTATCACAGGGCTCTGCAGCTTGTGGAGCCTCGTCTTCATTTCCTAYGATAGGTACAATGTCATCGTGCGCGGTATGAACGGCACAAAGTTRACGAGTGGTTTGGCCTTCGCTATGATCCTCTTCTGCTGGACCTACGCCACCATCATGTCAATCTTCCCCTTCATTGGGTGGGGAAGGTACATCCCCGAAGGGATTTTGGACTCCTGCTCCTTCGACTACCTCACGCGTGACTGGYMGATCAGGTCYCACGGTCTCTGCCTCTTCATCTTCTGCTACTGCGTCCCACTCTTTTGCATCGCCTTCTTCTAYGTKTCCATTATCAAAGCCATCTGTGCTCACGAGGCCGCCATGCGCGCACAGGCCAAGAAGATGAATGTGTCTAACYTAAGGACCARCGGTGAAAGCGAKGGAGATTCGGCCGAAGTCCGCATCGCCAAGGTGGCTGTGACCAATGTGTCTCTGTGGCTAATCTGTTGGACTCCCTACGCAGCCATTGTTATGCAGGGAATGTTCTTCAATCAGGCARGCATCACCCCTCTGGTGTCCATGCTCCCAGCTCTGCTGGCCAAGTCCGCCTCCTGCTACAACCCAATGATCTACGCCATCAGCCACCCCAGATACCGACTGGCCCTGCAGAAGGAACTGCCTTGGCTCTGCATCCACGAAGCTGCTCCTTCCAGCAAAGCTTCGAACGACAGTCAGTCGACTGTCACAAAGGACGAGAAGGAATAAGCTGACCTATCTCCACTCACAACTCGCTCATGAACTGGAACAAGTGACCCGAACTTTCGCACTTCGAAACTCACCCTTTGTAATTATAAGTATCACATGCATGTAATACAAAAAAATCACGCAAAAAAAATGAGACACGCGCATGTGTT,MFSRVFNGTGPQALARTVDLSFGYPDGVVISDLVPDHMRDLVHPHWMQFPPVNPMVHYILGIVYLILGTAAICGNGMVLYVFLKTKNLRTPNNMLVVNLSFSDLCMLLSQFPWFTWNCFMGGVWYFSPLMCEIYACTGAITGLCSLWSLVFISYDRYNVIVRGMNGTKLTSGLAFAMILFCWTYATIMSIFPFIGWGRYIPEGILDSCSFDYLTRDWXIRSHGLCLFIFCYCVPLFCIAFFYVSIIKAICAHEAAMRAQAKKMNVSNLRTXGESXGDSAEVRIAKVAVTNVSLWLICWTPYAAIVMQGMFFNQAXITPLVSMLPALLAKSASCYNPMIYAISHPRYRLALQKELPWLCIHEAAPSSKASNDSQSTVTKDEKE,"Neogonodactylus oerstedii opsin M7 (M7) mRNA, complete cds",NA
MT112866.1,Arthropoda,Malacostraca,Stomatopoda,Neogonodactylus,oerstedii,Neogonodactylus oerstedii,AACATTGCATCTGGGCGTTACAAAACACACCTCGAACAGCTCAGACAGCTTCATCCTCAGAATCTCACTCGAACCGAACGACGAAGATTCCATAGCGATGAACCCTTCCATCTCCCTGATCAACGCTACCGGTCCCCGGGCCATGGCCTACGGGGCCAACGAACTCTCATTTGGATATCCCGAGGGTGTCACGGTGGTGGACATTGTGCCCGATGCGATCCGGCACATGATTCATGATCACTGGACGAGCTATCCTCCAGTCAACCCCATGTGGCACTACTTACTCGGCGTCGTCTTTGTATTCCTTTTCATGTTCTCCTGTACAGGCAACGGTTTGGTGATGTATTTGGTCATAAAGAACAAGAACCTGAGGACGCCCGCCAACATGCTCGTCTTCAATCTGGCTTTCAGTGATTTCTGCATGCAAGTTACTCAGTATCCACCTTACGTCTACAACTGCTTCAATGGTGGGGTTTGGATGTTCTCCCCTTTCCTCTGCGAGTTGTACGCATGTCTAGGAGCCATCTTTGGTCTGTGCTCTCTGTGGACTCTGGCTTTCGTCTCCTTCGACCGTTACAACGTCATCGTCAAGGGTGTAAGTGCCGCTCCTCTTACCAAGGGTAAAGCCCTTGGTTTCATCCTCTTCTGCTGGGCCTACTCCATCGGCTGGTCCATCCCGCCCTTCTTAGGATGGGGAGCCTACATTCCTGAAGGTATCCTGGACTCGTGCTCCTTTGACTATTTGTCTCGTGACGCGAACCGTCGCTCCTACGGTCTTTGTATCTTTGCCTTCGATTACGCCATCCCCCTCCTCATCATCGTCCTCGCCTACGTCTTCATCGTGCAGGCCATCTGTGCTCACGAGAAGGCCATGAGAGAACAAGCCAAGAAGATGAATGTCACCAACCTCCGATCCAACGCAGACTCCAATGCACAGTCGGCTGAGGTCCGCATCGCCAAGGTTGCAATGACCAACGTCGCCCTCTGGCTTATTAGTTGGACACCTTATGCTGCAGTTACTCTTCAGGGTCTGGCCTTCAACCAGTCAGGCATCACGCCTCTGGTTTCCATGCTTCCCGCTCTACTGGCTAAGAGTGCTGCTGTCTACAACCCAATGATCTACGCCATCAACCATCCTAAATTCCGACTGGCTATCCAGAAGACTCTTCCCTGGTTCTGCATCCACGAGCCCGAAGCCAAGTCATCCGATAATCAGTCAAATGCCACAAAGGTGGAAGGAAAGGAGGAGACGGCTTAGGAAAAGCGTCTGGACATATTCTTCAATGACTGGATTTTCTTTCTATCGACGCAATGGTGTACTGGAGAAGGATTACGAATTTTTTGATGAACAGTCTTAATGAAAAATCCTATATTGTAGTCTTTCCCCTGCAATAAAAAAGTCGAAATAATGTGCTTTAGTGCAAATGAATGTTTCGAAATAAAAAAAAAAAATGTCCTGGATCC,MNPSISLINATGPRAMAYGANELSFGYPEGVTVVDIVPDAIRHMIHDHWTSYPPVNPMWHYLLGVVFVFLFMFSCTGNGLVMYLVIKNKNLRTPANMLVFNLAFSDFCMQVTQYPPYVYNCFNGGVWMFSPFLCELYACLGAIFGLCSLWTLAFVSFDRYNVIVKGVSAAPLTKGKALGFILFCWAYSIGWSIPPFLGWGAYIPEGILDSCSFDYLSRDANRRSYGLCIFAFDYAIPLLIIVLAYVFIVQAICAHEKAMREQAKKMNVTNLRSNADSNAQSAEVRIAKVAMTNVALWLISWTPYAAVTLQGLAFNQSGITPLVSMLPALLAKSAAVYNPMIYAINHPKFRLAIQKTLPWFCIHEPEAKSSDNQSNATKVEGKEETA,"Neogonodactylus oerstedii opsin M8 (M8) mRNA, complete cds",NA
MT112865.1,Arthropoda,Malacostraca,Stomatopoda,Neogonodactylus,oerstedii,Neogonodactylus oerstedii,GAGTTGCCCTTGCGGGAGGACCAGTTCAAGACSGACACCGGGAACTTCCCATTGCGAAGCAGTTCTTTGGAAAGTGCTTTGCAGCTTCCTCCCTCCCTGAAGACTGGACGAAAGCACATTTCGCTAAACTTACATTTGACAATAGTTTTCCAGAAAGTGCTTCGCAGCCTCTTCGCAACAACGTTCCAAGATGTCTTACTGGAGTGATCCTGCCAAGTTTGCGTCCACCTATGGGACCAACACCAACCCCTTCGGCAACTTCACCGTGGTGGACACTGTCCCGCAAGACATGCTCCCCCTGGTCCATAGTCATTGGTACCAGTTCCCTCCCATGAACCCGCTCTGGTACGGACTCCTAGGGTTTGTAATCACGATGTGCGGCCTCTTGTCCGTCTGCGGAAACCTCATCGTCGTCTGGGTCTTCATGAACACCAAGGCCCTTCGTTCTCCCGCCAACAGTCTTGTGGTYAATCTGGCTTTCAACGACTTCCTCATGATGTTCTGCATGTTTCCTCCCATGGTCGTTAACAGCTACTACGGTACTTGGGTCTTTGGACCTACCACGTGTCAGGTTTACGGCTTCGTGGGCAACCTGTGCGGGTGCGTCTCCATCTACACCATGGTTTGGATCACCCTGGACCGATACAACGTCATCGTCAAGGGCGTTTCAGCACAGCCTCTGAGCCAGAAGGGAGCTTTTCTCCGCATCATCGGGACTTGGATCTTCTCTCTGGTTTGGACGGGCCTGCCCTTCTTCGGCTGGAACCGTTACGTTCCTGAGGGCAACATGACCGCCTGCGGCACTGACTACCTTACAGACGACCATTTCTCCAAGAGCTACCTGTACGTGTACACGGCCTGGGTCTTCTTCGGACCCTTCCTCCTGATCGTCTTTTCTTACTACCACATCGTCAGCGCCGTGTTCGCTCATGAGAAGCAGATGCGCGAACAGGCCAAGAAGATGGGTATCAAGTCACTGCGATCTGAGGAGGCCAAGAAGACCTCCAACGAGTGCCGCCTTGCCAAGGTGGCACTGACCACCGTCTCCCTGTGGTTCATGGCCTGGTGCCCCTACCTGATCATCAACTGGGCTGGCATGTTCACCCCCATGAATGTTACGCCCCTCTTCTCCATCTGGGGTTCTCTCTTCGCNAAGGCCAACGCCGTCTACAACCCCATCGTGTACGCCATCAGCCACCCCAAGTACCGCGCTGCTCTGCAGAAGAAGCTGCCGTGCCTTGCCTGCAACACCGATAATGGAGACAACGACACCCAGTCTTCCGCCACCGCCACCGCTGCCACAGAGAAAGCTGAGGAGAGTGCATAAGAAGCTGTCACTCCTTGCTTGCCCCACCGAACTCCTGCGATAGTTAGAAGCTACCACAGATAAGATGCAGGGTAGGTCTCAAGAATTTAGATTCGACTGATAACAGGCGCAAACACGATGACCACAGTTTACTATTAAAATACGTTTTGATCTAAATACAGTTTGCTGTGGGTAAGGAGCTGCACAACATTGTAGGCCTATTGGCGGATCATCAGCTTATGGACAAGGTGGGAACAAGGACAGGATAAGACAAGGAAGGGTAATGACATGGAA,MSYWSDPAKFASTYGTNTNPFGNFTVVDTVPQDMLPLVHSHWYQFPPMNPLWYGLLGFVITMCGLLSVCGNLIVVWVFMNTKALRSPANSLVVNLAFNDFLMMFCMFPPMVVNSYYGTWVFGPTTCQVYGFVGNLCGCVSIYTMVWITLDRYNVIVKGVSAQPLSQKGAFLRIIGTWIFSLVWTGLPFFGWNRYVPEGNMTACGTDYLTDDHFSKSYLYVYTAWVFFGPFLLIVFSYYHIVSAVFAHEKQMREQAKKMGIKSLRSEEAKKTSNECRLAKVALTTVSLWFMAWCPYLIINWAGMFTPMNVTPLFSIWGSLFAKANAVYNPIVYAISHPKYRAALQKKLPCLACNTDNGDNDTQSSATATAATEKAEESA,"Neogonodactylus oerstedii opsin L18 (L18) mRNA, complete cds",NA
MT112864.1,Arthropoda,Malacostraca,Stomatopoda,Neogonodactylus,oerstedii,Neogonodactylus oerstedii,CGATGATCGGAACCTACGCGAAGAACGTCTCCTTCCCGGAGGCTTTCAGGTCCACGAGCGTGTGGGGATACCCCGAGGGCATGTCCATTGTGGACACCGTCCCGGAAGAGTACAGAGACCTCATCCACCCCCACTGGTTGAAATACCCACCTGTGAACCCCATGTGGCATTACCTCCTGGGAATCATCTTCCTCCTCCTCGGTATCCTCTCCACCTGCGGCAACTGTATCGTGCTCTATATTTTCATGACGAAGAAATCCCTTAGGACACCTGCCAACATGTTTGTCATTAACCTGGCCTTCGCAGATCTCATGATGATGGTATCGCAATACCCCATGTACATCTATTGCTGCTTCATCGGTGGTTACTGGCCTTTGGGAGCCCACGGCTGTGAGTTCCACGCCTTCTCGGCGGCCATCACAGGGGACACAGCTCTGTTAACTCTCGTGGCCATCGGCTATGATCGCTACTGTGTCATTGTGAAGGCCTTTGATGGAGGGCACATGACGTCCCTGAAGGCCTTCTTCATCATTATCTTTTGCTGGACCTATGCCACATGTCTGACCATATGGCCCCTCTTCGGTTGGAACAGGTTCATCCCTGAGGGCATCCTGACTTCCTGCAGCTTCGACTACTTGAGTCAAGACTGGCACCACAGATCCTTTGGTCTCATGGTCTTCTCCTGCTGCTTCTGCATTCCTTTCACCGCCATCACCTTCTTTTACTCCCAGATTGTCCTCGCCATCCGCAGGCACGAGAAGGCCCTCCGGGCGCAGGCCAAGAAGATGAACGTGGAGAGTCTTCGCTCGAACGCTGACATGAGCAAGCAGAGCCAGGAGGTTCGCGTCGCCAAAGTGGCCGTCGCCAATGTGGGTCTCTGGCTCATCACCTGGGTGCCCTACGCCTACGTCGTCATGACGGGCATGTTCGGTAACACTGAGACTCTCACCCCCTTGGTCTCGGGTCTCCCAGGTCTTATTCTGAAGACGGCCTCCTGCTACAACCCCGTCATGTTTGCCATTTCGCACCCCAAGTTCCGACTGGCCCTTCAGGAGTCTATGCCTTGGTTCTGCATTCACGAACCAAAAGGAGATGACGTTGCATCCTCCAAGACAGAGAGCGAGGCTAAGTAGTTTATACGATGATCCTCGCAAATGTCTAGGACAGGTACGACCCACCTCCAAGGGGCATCTCCTGGAACATCTTTGGGAGCAACTCTAGTGACATCTCTAGGGGTATTTCCAGGAGCACCTCTAGGATAGAAAGCACGGACGAAGATTATAGAAACTGAGACAAACGATGTTGAACGACAAGCCTAACTACCCTTTCAATAAATACTTCTTTGCAGATTCCCCCTGCAACGGATGCTGTGTCTTAAGATCAGGGCATTACGACCATTCAGGTTTTAGATATAGAACCGCACTACTAAAGTGAATACTTTACTAGTATCGACTCACTTTATGAAAATTAATGACCCACTTCAACAATATCATGTGATCAAGTCTACCTTCCTTTATACCCAACGAAGTAAATCTTGCGATTTTCTAAACATCTGGTTTTGGACACAAGCACCATTGCACTCTTCATAGTTATTTTCGTGTCTCTTCAACTTCACTAGCCATGTGTTAAGCTTACAGTCAGTTTTATACATAAATGATTAATACTTTGATATATAGGTGCATAGTACCACGTCGAACAATTGGTTTTTAACATTTTACTAAAATGACTTACCATGCCAGCACGCTGATTGAGAGAAACATCCCAAAAGAATAGTCATGAATTCAAACCATTGGTGAGACAATGGAAAGTGTGTCAAAGAAGCCTTT,MIGTYAKNVSFPEAFRSTSVWGYPEGMSIVDTVPEEYRDLIHPHWLKYPPVNPMWHYLLGIIFLLLGILSTCGNCIVLYIFMTKKSLRTPANMFVINLAFADLMMMVSQYPMYIYCCFIGGYWPLGAHGCEFHAFSAAITGDTALLTLVAIGYDRYCVIVKAFDGGHMTSLKAFFIIIFCWTYATCLTIWPLFGWNRFIPEGILTSCSFDYLSQDWHHRSFGLMVFSCCFCIPFTAITFFYSQIVLAIRRHEKALRAQAKKMNVESLRSNADMSKQSQEVRVAKVAVANVGLWLITWVPYAYVVMTGMFGNTETLTPLVSGLPGLILKTASCYNPVMFAISHPKFRLALQESMPWFCIHEPKGDDVASSKTESEAK,"Neogonodactylus oerstedii opsin M1 (M1) mRNA, complete cds",NA
MT112863.1,Arthropoda,Malacostraca,Stomatopoda,Neogonodactylus,oerstedii,Neogonodactylus oerstedii,GAGGCCTTTGCAATATAGACTTCGAATAGTTCAGACCGTTTCATCTTCATATCTCACTCGACYCAAACGACCTAGATTCCATAGCGATGAATCCTTCCATTTCCCTGATCAACGGTACCGGTCCACGGGCCTTGGCTTATGGGGCCTACGAATTCTCGTTTGGATACCCCGAGGGGGTCACGGTAGTAGACATTGTGCCCGACACTATCCGACACCTGGTCCATAATCACTGGACGAACTATCCTCCAGTCAACCCCATGTGGCACTACCTCCTCGGTGTCATCTTTGTATTCCTCTTCATGTTYTCCTTCACAGGCAACGGTTTGGYGATGTTTTTGGTCATAAAGAACAAGAACYTGAGGACGCCCACCAACATGCTCGTCTTCAATCTGGCTTTCAGTGATTTCTGCATGCAAGTTACTCAATATCCACCTTACGTCTACAACTGTTTTAGTGGTGGAGTTTGGATGTTCACTCCATTCTTTTGCGAACTGTATGCATGTCTAGGAGCCATCTTCGGTCTGTGCTCTCTGTGGACTCTGGCCTTCATTTCCTACGACCGTTACAACGTCATCGTCAATGGAGTGACTTCTGCTCCTCTSACCAAGGGCAAAGCCTTCCTTTTCATCCTCTTCTGCTGGGTCTACTCCATCGGCTGGTCCATTCCTCCCTTCCTTGGCTGGGGAGCTTACATTCCCGAAGGTATCCTAGACTCGTGCTCCTATGACTACCTGTCACGCGACGTCAACCGTCGCTCCTACGGYATCTGTATCTTTGCCTTCGACTACTGTGTCCCCCTCCTCGTCATCGTCCTCGCCTACGTCTTCATCGTGAAGGCCATCTTTGCCCACGAGAAGGCCATGAGAGAACAAGCCAAGAAGATGAATGTCACCAACCTCCGATCCAACGCAGATTCCAAAGCACAGTCGGCTGAAGTCCGCATCGCCAAGGTTGCAATGACCAACGTTGCCCTCTGGCTTATTTGTTGGTCACCTTATGCTGCAGTTACTCTTCAGGGTCTGGCCTTCGACCAGTCAGGCATCACGCCTCTGGTTTCCATGCTTCCCGCTCTGTTGGCCAAGAGTGCTTCAGTCTACAACCCAATGATCTACGCTATCAACCACCCCAAATTCCGACTGGCCCTCCAGAAGACTCTTCCATGGTTCTGCATCCACGAACCCGAAGAGAAGTCATCTGATAATCAGTCGAATGCTACCAAGGTGGAAGAAAAGATCGATGCGGCTTAGGAAAAACGTTTGGACAGAGTTCTTCACGGGAAGGATGTTCTCTCTTCCGACGCAATGGTGTGCTGGAGAGGACGTACGAGAACATACCGAGTGGTCTTCATGAAAATCCCTAATCTTGTAGTMATTTTTCCCAGCAATGTTAAAAATAAAATTATRAATYTAAATCATATGCATRAATGYAAAGAAATGTTTGGAAATAAAAAGCTAATTGGATCC,MNPSISLINGTGPRALAYGAYEFSFGYPEGVTVVDIVPDTIRHLVHNHWTNYPPVNPMWHYLLGVIFVFLFMFSFTGNGLXMFLVIKNKNLRTPTNMLVFNLAFSDFCMQVTQYPPYVYNCFSGGVWMFTPFFCELYACLGAIFGLCSLWTLAFISYDRYNVIVNGVTSAPLTKGKAFLFILFCWVYSIGWSIPPFLGWGAYIPEGILDSCSYDYLSRDVNRRSYGICIFAFDYCVPLLVIVLAYVFIVKAIFAHEKAMREQAKKMNVTNLRSNADSKAQSAEVRIAKVAMTNVALWLICWSPYAAVTLQGLAFDQSGITPLVSMLPALLAKSASVYNPMIYAINHPKFRLALQKTLPWFCIHEPEEKSSDNQSNATKVEEKIDAA,"Neogonodactylus oerstedii opsin M10 (M10) mRNA, complete cds",NA
MT112862.1,Arthropoda,Malacostraca,Stomatopoda,Neogonodactylus,oerstedii,Neogonodactylus oerstedii,GTCACAGGCATTCCGGAGCGCCGTTGAACGAGTCATTGATACCTTACCAGAGAATCATAGTAGTCGCGATACTTCAGGTTCTATTGGAATGGATCTCGCAATGTTTAACGGCACAGGCCCCAGGGCCCTGGCTTATGGGGCTGATGAGTTCAGCTTCGGCTATCCTGCTGGCGTCAGCGTCGTCGACATAGTGCCCGACACCATCAAAGAATTGATTCATCCTCACTGGAGCAACTACCCACCAGTCAACCCAATGTGGCACTACCTCCTGGGTTGCATCTTCATGGTCCTTCTCTTCTTTTCCTTCCTGGGAAATGGTTTGGTCATGTACCTGTACCTGAACAACTCTCACCTGAGGACTCCCGCCAACATGCTCGTCTTCAACCTGACATTCAGTGACTTCTTGATGCAGTTGACCCAGTACCCACCTTACATCTACAACTGCTTCAGCGGTGGCGTTTGGATGTTCAGTCCCTTCTCATGTGAACTTTACGCTTGTCTGGGAGCCATCTTCGGTCTGAACTCTTTGTGGACTCTGGCCTTCGTCTCCTTCGATCGGTACACCGTCATCGTTAAGGGTGTAAGTGCCAATCCTTTGACCCGTAAAGGTGCCATGATGAGAATCCTCTTCTGCTGGATCTACGCCATCGGGTGGTCCCTCCCCCCCTTCTTCGGCTGGGGAGCTTACATCCCAGAGGGTATCCTGGATTCCTGCTCCTTCGATTACTTGACTCGTGATGTCAACCACCGTTCCTACGGACTCTGCATCTTCGCCTTTGACTACTGTGTCCCTCTGGCCACCATCGTCTTTGCCTACGTCTTCATCGTGAAGGCCATCTTTGCTCACGAGAAGGCCATGAGGGAACAAGCCAAGAAGATGAATGTGTCCAACCTCCGTACCAACGCTGATGCCAACGCTCAGTCGGCCGAGGTCCGTATTGCCAAGGTGGCTATGACCAACGTGGCTCTCTGGCTCATCTGCTGGACGCCCTACGCCGCCGTCACGGTCAAGGGTCTCGTCTTCGACCAGTCAGGCATCACCCCTCTGGTGTCCATGCTGCCCGCCCTGCTTGCCAAGAGCGTTGCTGTCTACAACCCCATGGTCTATGCCATCAACCATCCCAAATTCAGACTGGCCCTGCAGAAGACCCTGCCTTGGTTCTGCATCCACGAGCCCGAAGAGAAGACCAATGACTCCAAGTCCAGTGGAACAGCTGCGGCTGATGAGAAGTGTGAATCCTAAGGAGGAAGAGGAGAGACGCGGTACTTGCGACTGACGGAAACGCTGAAATGCCTTGGACCACATCGTTCACTATCAAAATCCGAGTCATCCCTACAACTTGCCTAACTCTTTTACCTTTTCCTAATCCTTGTTTTGCCTGAGCATTTTAAGAAAATCAAAGTACAATGCAAAAATAAAATTTTTTGGATCC,MDLAMFNGTGPRALAYGADEFSFGYPAGVSVVDIVPDTIKELIHPHWSNYPPVNPMWHYLLGCIFMVLLFFSFLGNGLVMYLYLNNSHLRTPANMLVFNLTFSDFLMQLTQYPPYIYNCFSGGVWMFSPFSCELYACLGAIFGLNSLWTLAFVSFDRYTVIVKGVSANPLTRKGAMMRILFCWIYAIGWSLPPFFGWGAYIPEGILDSCSFDYLTRDVNHRSYGLCIFAFDYCVPLATIVFAYVFIVKAIFAHEKAMREQAKKMNVSNLRTNADANAQSAEVRIAKVAMTNVALWLICWTPYAAVTVKGLVFDQSGITPLVSMLPALLAKSVAVYNPMVYAINHPKFRLALQKTLPWFCIHEPEEKTNDSKSSGTAAADEKCES,"Neogonodactylus oerstedii opsin M9 (M9) mRNA, complete cds",NA
MT112861.1,Arthropoda,Malacostraca,Stomatopoda,Neogonodactylus,oerstedii,Neogonodactylus oerstedii,GCTCCGCGCAAGAACTATCCTTCCATCGCGTCTAGACTTCACCTGCAAAGCAGTTCTTTGGAAAGTGCCTTGCTGAGGAATTAATCCACAAAGATGTCGTACTGGGACGCTCCAACAACCACAACAGCAGTCGAGAGCAGTCTGCAAACTACTAATCCCTATGGAAACTTAACGGTTGTGGACACCATCCCTGAAGACATGCTCCCTTTGGTCCATACCCATTGGTACCAGTTCCCTCCCATGAATCCTCTTTGGTACGGCCTTCTTGGGTTTACCATTACCATTCTTGGAATTCTGTCCATCTGTGGCAACTTCGTCGTCGTCTGGGTCTTCCTGAACACCAAGACTCTTTGTTCCGCTGCCAACACCCTCGTCGTTAACTTGGCTATATCAGACTTTATCATGATGTTCACTATGTTTCCTCCTATGGCGTACAATTGTTTTGCAGGAACGTGGGCATTCGGGCCTTTGTTCTGCGAAATATACGGCTTCCTGGGTAACCTCTGCGGGTGTGTCTCCATCTACAGCATGGTGTGGATTACCCTCGACCGTTACAATGTCATTGTCAAAGGAGTCTCGTCTACGCCTATGCGTCGAAGGAAAGCAGCCCTCCAGCTCTTTTTCACTTGGGCCTTCTCAATCGCCTGGTGCCTCTTCCCTCTCTTTGGCTGGAATAGATACGTCCCTGAGGGGAACATGACCGCCTGTGGCACCGACTACCTCACGGATGATCTGTCCTCCAGGAGCTACCTCTATGCCTACTCCGTCTGGGTGTTCTTCGGCCCGTTTATCCTTATTGTGTATTGCTACATTTGCATCGTGAAGGCAGTCATTACTCACGAGAAGCAAATACGCGAGCAGGCGAAGAAAATGGGAATCAGGTCTCTTCAAACTAAAGAGGAACAGAAAACTTCGGCTGAGATCCGTCTGGCCAAAGTGGCCTTAACCACCGTTTCCCTCTGGTTCATGGCCTGGTGCCCATACCTGATCATCAACTGGTCCGGGATGTTTTTCCCGTTCCTAGTAACACCCCTCTTTTCCATTTGGGGCTCACTCTTCGCCAAGGCCAACGCCGTCTACAACCCCATCGTGTACGCCATCAGCCACTCGAGGTACCGTGCGGCTCTTATGAAGAAGGTCCCTTGCTTTGCCTGTCAGACTGAGACCTTAGAAGAAATCGAGATATCTCAAACATGTGAAGAGAGAGACAGGTCTGATAAGCCACAAGAGAGTGTGTAAAGGAAGGTTGTGATTCAGACTGTAGAAGCCTGAGTACCAGGCAGAAGAAGCCATAACTAGACAGTTCTTGTTTGGGAGGCCGATTTTGTTTTCAGTACGGCATCGTAGATCCCTCAAATGCCTAGACAAAGTGCTAGCAATTTACAAAGCTTTATCAAAGATAAAAAACTATCTCGTGTTGAGTAGAATTTTCTGAATCTGTTCTCATCCAGCATATCACTGATATTAATAAAGGTTATAAGT,MSYWDAPTTTTAVESSLQTTNPYGNLTVVDTIPEDMLPLVHTHWYQFPPMNPLWYGLLGFTITILGILSICGNFVVVWVFLNTKTLCSAANTLVVNLAISDFIMMFTMFPPMAYNCFAGTWAFGPLFCEIYGFLGNLCGCVSIYSMVWITLDRYNVIVKGVSSTPMRRRKAALQLFFTWAFSIAWCLFPLFGWNRYVPEGNMTACGTDYLTDDLSSRSYLYAYSVWVFFGPFILIVYCYICIVKAVITHEKQIREQAKKMGIRSLQTKEEQKTSAEIRLAKVALTTVSLWFMAWCPYLIINWSGMFFPFLVTPLFSIWGSLFAKANAVYNPIVYAISHSRYRAALMKKVPCFACQTETLEEIEISQTCEERDRSDKPQESV,"Neogonodactylus oerstedii opsin L9 (L9) mRNA, complete cds",NA
MT112859.1,Arthropoda,Malacostraca,Stomatopoda,Neogonodactylus,oerstedii,Neogonodactylus oerstedii,TCATCACCTGAAGAAGCAGCATCGCAGCAGAGGTCCTTTGGAGCGAATACCTAAGCACTGAGCAGGATATTGTACCAACAAGATGGCGTATTGGAGTGATCCCGCGACACCAACTGAATCAGAACTGCCATCCACCAACCCCTATGGCAACTACACAGTGGTCGACACGGTACCAAAGGAAATGCTCCACTTGGTGGATACCCATTGGTACCAATTCCCGCCCTTAAATCCCCTTTGGCATGGTCTCCTCGGGATCTGTATCTTCGCCATTGGCATGATGGGTGCGATAGGCAACGGCGTCGTGATATGGGTCTTCATGAACACCAAGAGCCTTCGCAACCCTACCAACACTCTTGTAGTCAATCTGGCTCTGTCAGACTTCTTGATGATGCTCTCCATGTGCCCTGCTATGGTCATCAGTTGCTACTACGGCACATGGATCCTCGGACCCTTTGTCTGCGAACTATACGGTTTCGCGGGCTCTCTCTTCGGATGCATCTCCATCTGGACCATGGTTCTCATCACGCTCGACAGATACAACGTCATCGTCAAGGGAGTGTCCGCTAAACCCCTGAGCGGGAAGGGAGCCATACTCCGAATCCTCTTCGTCTGGACTATGTCCCTCCTCTGGTGTCTGTTCCCTTTCTTCGGTTGGAACCGTTACGTTCCGGAGGGCAACATGACCGCCTGCGGWACCGACTACCTGTCCGAAGATACGTTGTCTGTCAGCTACCTGTTCGTTTATGCCACCTGGGTCTATGGCATACCTCTATTTGTTACAGTGTACAGCTACACCTTCATCGTCAGGGCCGTAGCCGCTCACGAGAAGCAGATGCGYGACCAGGCCAAGAAGATGGGCGTCAAGTCTCTCCGCAACGAGGAAGCCCAGAAGACYTCTGCYGAGTGCCGCCTGGCCAAGGTGGCCCTCGTCACTGTGTCCCTGTGGTTCATGGCCTGGACCCCTTACTTTATYATCAACTTCACTGGTATTCTTAACAGGGAGAAGGTAACTCCCCTCTTCTCCATATGGGGATCTCTCTTTGCTAAGAGCAACGCCATCTACAATCCTATTGTGTATGCCATCAGCCACCCCAAGTACCGCGCCGCCCTTATGAAGAAGATGCCCTGCCTAGCCTGTAGCACCGACGGAGGCGACAGCGAAGTTGTATCTACCACTACCAACCAGACCGGCAACAACGACAAGTCAGAAGCAGCCTGAGACCGGACAGACCCCCATGCACGTGAACGCATTTCAGATGAAGATGCCAACGACCTCTCTAATCATTCGAATTATTTCCCTTGTTGGTTGTGCACACCAATAAACCCAGCAGAAC,MAYWSDPATPTESELPSTNPYGNYTVVDTVPKEMLHLVDTHWYQFPPLNPLWHGLLGICIFAIGMMGAIGNGVVIWVFMNTKSLRNPTNTLVVNLALSDFLMMLSMCPAMVISCYYGTWILGPFVCELYGFAGSLFGCISIWTMVLITLDRYNVIVKGVSAKPLSGKGAILRILFVWTMSLLWCLFPFFGWNRYVPEGNMTACGTDYLSEDTLSVSYLFVYATWVYGIPLFVTVYSYTFIVRAVAAHEKQMRDQAKKMGVKSLRNEEAQKTSAECRLAKVALVTVSLWFMAWTPYFIINFTGILNREKVTPLFSIWGSLFAKSNAIYNPIVYAISHPKYRAALMKKMPCLACSTDGGDSEVVSTTTNQTGNNDKSEAA,"Neogonodactylus oerstedii opsin L16 (L16) mRNA, complete cds",NA
MG020524.1,Arthropoda,Malacostraca,Stomatopoda,Neogonodactylus,oerstedii,Neogonodactylus oerstedii,ATGTCGTACTGGGATGATCCTGCAAAGTTCGCCGCTGACGGCTTGATGACGAACACCAATCCCTACGGCAACTACACAGTGGTGGACACGGTACCAGCAAATATGCTCCACATGGTGCATAGCCACTGGTACCAGTTCCCTCCCATGAATCCACTTTGGTATGGACTCTTGGGTTTCACCATCACTATGTGCGGTCTCTTGTCCCTCCCCGGAAACCTCATCGTTGTCTGGGTCTTCATGAACACCAAGTCTCTCCGTTCTCCCGCCAACACTCTTGTGGTCAATCTGGCCTTCAACGACTTTATCATGATGCTCGTCATGTTCCCTCCCATGGTCATGTCCTGCTACTGGGGCACTTGGGCCCTCGGACCCACTTTCTGTGAGGCCTACGGCTTCGTGGGCAACCTGTGCGGGTGCGTCTCCATCTACACCATGGTTTGGATCACCCTGGACCGATACAACGTCATCGTCAAGGGCGTTTCAGCACAACCTCTGAGCCAGAAGGGAGCCATTCTCCGCATCTTGGGGACTTGGGTCTTCTCTCTGGTTTGGACGAGCCTGCCCTTCTTCGGCTGGAACCGTTACGTTCCTGAGGGCAACATGACCGCCTGCGGCACTGACTACCTTACGGACGACCAGTTCTCCAAGAGCTACCTGTACGTGTACACAGCCTGGGTCTTCTTCGGACCCTTCCTCCTGATCGTCTTCTCTTACTACCACATCGTCAGCGCCGTGTTCGCTCATGAGAAGCAGATGCGCGAACAGGCCAAGAAGATGGGTATCAAGTCACTGCGATCCGAGGAGGCCAAGCAGACCTCCAACGAGTGCCGCCTTGCCAAGGTGGCACTGACCACCGTCTCCCTGTGGTTCATGGCCTGGTGCCCCTACCTGATCATCAACTGGGTTGGCATGTTCGCCCCCATGAAGGTCACTCCCCTGTTCTCCATCTGGGGTTCTCTCTTCGCCAAGGCCAACGCCGTCTACAACCCCATCGTGTACGCCATCAGCCACCCCAAGTACCGCGCTGCTCTGCAGAAGAAGCTGCCGTGCCTTGCCTGCAACACCGATAATGGAGACAATGACAACCAGTCTTCTGGCACCACCACCGCTACCGCAGAGAAAACTGAAAGCGCATAAGAAACTTAAAGTCATCTTGATGATTTTTGGTAATTCGTCTGAAGTGATCTCCCTCTGTAATATACGTCTTTTGACCACATTGCAGCTCAATGTTTGGGAGGCAATCCAAACTTTTAACGAAAATTTCTCTTTCCTGTAAGAGTGAAACCTTTAATAAATTTCCTTGCAAATC,MSYWDDPAKFAADGLMTNTNPYGNYTVVDTVPANMLHMVHSHWYQFPPMNPLWYGLLGFTITMCGLLSLPGNLIVVWVFMNTKSLRSPANTLVVNLAFNDFIMMLVMFPPMVMSCYWGTWALGPTFCEAYGFVGNLCGCVSIYTMVWITLDRYNVIVKGVSAQPLSQKGAILRILGTWVFSLVWTSLPFFGWNRYVPEGNMTACGTDYLTDDQFSKSYLYVYTAWVFFGPFLLIVFSYYHIVSAVFAHEKQMREQAKKMGIKSLRSEEAKQTSNECRLAKVALTTVSLWFMAWCPYLIINWVGMFAPMKVTPLFSIWGSLFAKANAVYNPIVYAISHPKYRAALQKKLPCLACNTDNGDNDNQSSGTTTATAEKTESA,"Neogonodactylus oerstedii LWS opsin 3 mRNA, complete cds",NA
MG020522.1,Arthropoda,Malacostraca,Stomatopoda,Neogonodactylus,oerstedii,Neogonodactylus oerstedii,ATGTTCTCTCGAGTTTTCAACGGAACGGGACCTCAGGCCCTGGCTCGCACCGTCGACCTCTCCTTCGGCTATCCTGACGGAGTCGTTATTAGCGACCTCGTGCCTGACCACATGAGGGACCTCGTCCATCCTCACTGGATGCAGTTCCCCCCTGTCAACCCAATGGTCCACTACATCCTTGGCGTCGTCTACCTCATCCTCGGGACGGCTGCCATTTGTGGAAACGGAATGGTTCTGTACGTCTTTCTCAAAACCAAGAACCTTCGGACGCCTAACAACATGCTTGTGGTCAACTTGTCCTTCAGTGACCTCTGCATGTTGCTGTCCCAGTTCCCCTGGTTTACTTGGAACTGTTTCATGGGCGGTGTGTGGTACTTTAGTCCCCTTATGTGCGAGATTTATGCTTGCACGGGGGCTATCACAGGGCTCTGCAGCTTGTGGAGCCTCGTCTTCATTTCCTATGATAGGTACAATGTCATCGTGCGCGGTATGAACGGCACAAAGTTAACGAGTGGTTTGGCCTTCGCTATGATCCTCTTCTGCTGGACCTACGCCACCATCATGTCAATCTTCCCCTTCATTGGGTGGGGAAGGTACATCCCCGAAGGGATTTTGGACTCCTGCTCCTTCGACTACCTCACGCGTGACTGGCAGATCAGGTCTCACGGTCTCTGCCTCTTCATCTTCTGCTACTGCGTCCCACTCTTTTGCATCGCCTTCTTCTATGTTTCCATTATCAAAGCCATCTGTGCTCACGAGGCCGCCATGCGCGCACAGGCCAAGAAGATGAATGTGTCCAACCTAAGGACCAACGGTGAAAGCGAGGGAGATTCGGCCGAAGTCCGCATCGCCAAGGTGGCTGTGACCAATGTGTCTCTGTGGCTAATCTGTTGGACTCCCTACGCAGCCATTGTTATGCAGGGAATGTTCTTCAATCAGGCAGGCATCACCCCTCTGGTGTCCATGCTCCCAGCTCTGCTGGCCAAGTCCGCCTCCTGCTACAACCCAATGATCTACGCCATCAGCCACCCCAGATACCGGCTGGCCCTGCAGAAGGAACTGCCTTGGCTCTGCATCCACGAAGCTGCCCCTTCCAGCAAAGCTTCGAACGACAGTCAGTCGACTGTCACAAAGGACGAGAAGGAATAAGCTGACCTATCTCCACTCACAACTCGCTCATGAACTGGAACAAGTGACCCGAACTTTCGCACTTCGAAACTCACCCTTTGTAATTATAAGTATCACATGCATGTAATACAAAAAAATCACGCAAAAAAAA,MFSRVFNGTGPQALARTVDLSFGYPDGVVISDLVPDHMRDLVHPHWMQFPPVNPMVHYILGVVYLILGTAAICGNGMVLYVFLKTKNLRTPNNMLVVNLSFSDLCMLLSQFPWFTWNCFMGGVWYFSPLMCEIYACTGAITGLCSLWSLVFISYDRYNVIVRGMNGTKLTSGLAFAMILFCWTYATIMSIFPFIGWGRYIPEGILDSCSFDYLTRDWQIRSHGLCLFIFCYCVPLFCIAFFYVSIIKAICAHEAAMRAQAKKMNVSNLRTNGESEGDSAEVRIAKVAVTNVSLWLICWTPYAAIVMQGMFFNQAGITPLVSMLPALLAKSASCYNPMIYAISHPRYRLALQKELPWLCIHEAAPSSKASNDSQSTVTKDEKE,"Neogonodactylus oerstedii MWS opsin mRNA, complete cds",NA
MG020521.1,Arthropoda,Malacostraca,Stomatopoda,Neogonodactylus,oerstedii,Neogonodactylus oerstedii,ATGTCTTACTACGACGATTCCGCCTCTGCCGCATACACGAACCCTTATGGGAACCACACAGTGGTGGACACCGTGCCCGCTGACATGCTCCACCTGATCGACTCCCACTGGTATGGATTCCCTCCTCTTAATGACATGTGGTACGGGATCCTCGCCTTCTTTATCTCCGTGACGGGGATCCTCGCCGTCGGAGGAAACTTCGTTGTCATCTGGGTCTTCATGTGCACCAAGGCTCTCAGGAGTCCTTCAAACTACTATGTGGTTAACCTGGCCATCTCCGACTTCACCCTCATGGCTTGCATGTGCCCACCAGTGGTCATCAACAGCTATTACAGGACATGGATCTTCGGGCCCACTTTCTGCTACGTGTATGCAGCTATCGGGTCCCTGACTGGGTGCGCTTCCATCTTCACGATGTGCCTCATCTCCTATGACAGATATAACGTCATTGTAAAGGGTATCGGCGGAAAGCCCCTCACCACCGGCAAGGCAATGCTGATGATCCTCCTTGTCTGGCTCACTTCAGCCGCCTGGACGTTCGCTCCCTTCTTCGGCTGGAGTCGCTACGTCCCCGAAGGCAACATGACCGCCTGCGGTACTGACTACCTCCGAGGAAGCATCCTGGACCAGACATACCTGTGGTCCTACACAACATGGTGTTATTTCATGACCTTTGTCTTCATCGTCTACTGCTACTGGTTCATCGTAGCCGCTGTCAGGAACCACGAGAAGGCCATGAGGGAGCAGGCTAAGAAGATGGGCGTCAAGTCCCTCCGAGGCGACGCCGACGCTCAGAAGAAGTCTGCCGACTGCAAGCTGGCCAAGATCGCCCTCATCAACGTGTCCCTCTGGTTCATGGCCTGGACACCCTACGCCATCATCAACATCGCCGGATTGACTAACAAGGAAATCGTCACACCTCTCTTCTCCATCTGGGGTTCCGTCTTCGCCAAGGCAAACACTGTCTATAACCCCATTGTGTACGCTATCAGCCACCCTAAGTACAAGGGTGCCCTGTACCAGAAGCTGCCTTGGCTGCAGTGCGCTCCTGATGTTCCTGAAGACGACTCCAAGTCCACTGCTTCCACCACGACCACAGGAGGAGAAGAAAAGGCCTAAGGAAGAAAGATGTGTCTCTGGACCGGAAACCGACTAAGAATGGAATGATATTGCTAACTGACGATAACGATAACCGATGACTCTTTTCCTTACCTCACCGTCTGCAGACGACCCTCCTTGTCACCAATAAACCCAGAGCGA,MSYYDDSASAAYTNPYGNHTVVDTVPADMLHLIDSHWYGFPPLNDMWYGILAFFISVTGILAVGGNFVVIWVFMCTKALRSPSNYYVVNLAISDFTLMACMCPPVVINSYYRTWIFGPTFCYVYAAIGSLTGCASIFTMCLISYDRYNVIVKGIGGKPLTTGKAMLMILLVWLTSAAWTFAPFFGWSRYVPEGNMTACGTDYLRGSILDQTYLWSYTTWCYFMTFVFIVYCYWFIVAAVRNHEKAMREQAKKMGVKSLRGDADAQKKSADCKLAKIALINVSLWFMAWTPYAIINIAGLTNKEIVTPLFSIWGSVFAKANTVYNPIVYAISHPKYKGALYQKLPWLQCAPDVPEDDSKSTASTTTTGGEEKA,"Neogonodactylus oerstedii LWS opsin 1 mRNA, complete cds",NA
DQ646869.1,Arthropoda,Malacostraca,Stomatopoda,Neogonodactylus,oerstedii,Neogonodactylus oerstedii,GTAGGTCCGTCAGCTGTCACTGAGCACCGGAGGCCAGAGTGCAGATCTGAGGCTCGGAAGCGAAGACGAGGCAACGAAACAACGTCAACGAACTCAGTGCATTTGGACAGTCAAGATCACAATAAACTCAAAATGTCCTATTGGAATTCTAACAAGATCGTGGAGGAATACAGCCTTCCTTCCACCAACCCATATGGTAACTTCACCGTAGTGGACACAGTACCCGAGAATATGCTCCACATGATTCATTCTCACTGGTATCAGTTCCCACCCCTCAACCCCATGTGGTATGGGATATTAGCCTTTGTCGTGACGGTCGTGGGCTTGTGTTCCATCTGCGGAAACTTTGTCGTCATATGGGTCTTCATGAATACCAAAGCCCTGCGCTCCCCTGCTAATACGTTGGTCGTCTCCCTGGCTGTCTCGGACTTCATCATGATGGCATGCATGTTCCCGCCCCTCGTCCTCAACTGCTACTGGGGAACGTGGATCTTCGGACCGTTGTTCTGCGAAGTGTATGCTTTCATCGGCAACACGGTCGGGTGTGCTTCCATAGGCAACATGATCTTCATCACTTTCGACCGCTACAACGTCATCGTTAAAGGCATTTCGGGAACGCCGCTCTCCCAGAAGAACACCACTCTGCAGGTCCTCTTCGTCTGGATTTGCTCCATCATGTGGTGTGTCTTCCCCTTCTTCGGGTGGAACCGTTATGTCCCCAGAGGAGACATGACCGCCTGTGGCACCGACTACCTGACGGAAGACGAGTTCTCAAGGAGCTATCTCTACGTCTACTCCGTTTGGGTCTACATTGGTCCCCTGGCTCTCATCATCTACTGCTACTTTCACATCGTCTCGGCTGTTGCAACACACGAAAAGCAGATGCGCGACCAGGCCAAGAAGATGGGAGTCAAGTCCCTGCGAACCGAGGAAGCCAAGAAGACCTCTGCTGAATGCCGACTAGCCAAGGTGGCCCTGACGACGGTATCCCTCTGGTTCATGGCCTGGACCCCGTACTTAATCATCAACTGGGCTGGTATGTTCTACCCCTCAGTTGTGTCTCCCCTCTTCTCCATCTGGGGATCTGTCTTCGCCAAGGCCAACGCCGTCTACAACCCCATCGTGTACGCCATCAGCCACCCTAAGTACCGTGCCGCCCTCTACAAGAAGCTGCCTTGCCTCGCCTGCAGCACTGAATCGGCTGATGAAGGTTCCGCCACCAACAGTGCCACTACTACAACCGCGGAAAAGTATGAATCTGCTTAGCTTCAGCGGACTGACTCCCTCCTCGGCCTCTCTGGCAACGACCCATACAACGAATCAAATCTCTCTTAAGTAATATTTACCTTTGGCATTACTTAGAAAACTTGGTCGAGTTATCTAGTGCACTAAAAGCCTCGTCCATTTTCTTCTATTGTAAATGAATCTTGCCCCGCAAACTAAAAAAAAAAAAAAAAAAAAAA,MSYWNSNKIVEEYSLPSTNPYGNFTVVDTVPENMLHMIHSHWYQFPPLNPMWYGILAFVVTVVGLCSICGNFVVIWVFMNTKALRSPANTLVVSLAVSDFIMMACMFPPLVLNCYWGTWIFGPLFCEVYAFIGNTVGCASIGNMIFITFDRYNVIVKGISGTPLSQKNTTLQVLFVWICSIMWCVFPFFGWNRYVPRGDMTACGTDYLTEDEFSRSYLYVYSVWVYIGPLALIIYCYFHIVSAVATHEKQMRDQAKKMGVKSLRTEEAKKTSAECRLAKVALTTVSLWFMAWTPYLIINWAGMFYPSVVSPLFSIWGSVFAKANAVYNPIVYAISHPKYRAALYKKLPCLACSTESADEGSATNSATTTTAEKYESA,"Neogonodactylus oerstedii rhodopsin (Rh1) mRNA, complete cds",NA
DQ646871.1,Arthropoda,Malacostraca,Stomatopoda,Neogonodactylus,oerstedii,Neogonodactylus oerstedii,GTCAGGCTGTCACTGAGCGCCAGAGAGCAAGTGCAAATCTGAAGCCCGGAAAGGCAGCCGAGGCAACGAAACACCTTCACCGAAGTCTGTTAGGGCCGTCGAGAATCCCCTAACCTCAAGATGTCATATTGGAATTCCAACAAGGCCATGGAGGAATACAGCCTTCCTTCCACCAACCCATATGGTAACTTCACCGTAGTGGACACGGTACCCGAGAATATGCTCCACATGGTTCATTCTCACTGGTATCAGTTCCCACCTCTCAACCCCATGTGGTATGGGATATTAGCCTTTGTCGTGACGGTCGTGGGCTTGTGTTCCATCTGCGGAAACTTTGTCGTCATATGGGTCATCATGAATACCAAAGCCCTGCGCTCGCCTGCTAATACGTTGGTCGTCTCCCTGGCTGTCTCGGACTATATCATGATGACATGCATGTTCCCGCCCCTCGTCCTCAACTGTTACTGGGGAACGTGGATCTTCGGACCGCTGTTCTGCGAAGTGTATGCTTTCATCGGCAACACGGTCGGGTGTGCGTCCATAGGCAACATGATCTTCATCACTTTCGACCGCTACAACGTCATCGTTAAAGGCGTGTCGGGAAAGCCGCTCTCCCAGAAGAACGCCACTCTGCAGGTCCTCTTCGTCTGGATTTGCTCCATCATGTGGTGTGTCTTCCCCTTCTTCGGGTGGAACCGTTATGTCCCCGAAGGGAACATGACCGCCTGTGGCACCGACTACCTGACGGAAGACGAGTTCTCAAGGAGCTATCTCTACATCTACTCCGTTTGGGTCTACATTGGTCCCCTGGCTCTCATCATCTACTGCTACTTCCATATCGTCTCGGCTGTTGCAACACACGAGAAGCAGATGCGCGACCAGGCCAAGAAGATGGGAGTCAAATCCCTGCGAACCGAGGAAGCCAAGAAGACCTCTGCTGGATGCCGACTAGCCAAGGTGGCCCTGACGACGGTATCCCTCTGGTTCATGGCCTGGACCCCGTACTTAATCATCAACTGGGCTGGTATGTTCTACCCCTCAGTTGTGTCTCCCCTCTTCTCCATCTGGGGATCTGTCTTCGCCAAGTCCAATGCCGTCTACAATCCCATCGTGTACGCCATCAGCCACCCCAAGTACCGTGCCGCCCTCTACAAGAAGCTGCCTTGCCTCGCCTGCAGCACTGAATCGGCTGATGAAGGTTCCGCCACCAACAGTACCACTACTGCAACGGCGGAAAAGTATGAATCTGCTTAGCTTCAGCGGACTAACTGCCTCTCCGGCCTCTCTGGCAACGACCCATACAACGAGATCCCCGCCAAGCCGAT,MSYWNSNKAMEEYSLPSTNPYGNFTVVDTVPENMLHMVHSHWYQFPPLNPMWYGILAFVVTVVGLCSICGNFVVIWVIMNTKALRSPANTLVVSLAVSDYIMMTCMFPPLVLNCYWGTWIFGPLFCEVYAFIGNTVGCASIGNMIFITFDRYNVIVKGVSGKPLSQKNATLQVLFVWICSIMWCVFPFFGWNRYVPEGNMTACGTDYLTEDEFSRSYLYIYSVWVYIGPLALIIYCYFHIVSAVATHEKQMRDQAKKMGVKSLRTEEAKKTSAGCRLAKVALTTVSLWFMAWTPYLIINWAGMFYPSVVSPLFSIWGSVFAKSNAVYNPIVYAISHPKYRAALYKKLPCLACSTESADEGSATNSTTTATAEKYESA,"Neogonodactylus oerstedii rhodopsin (Rh3) mRNA, complete cds",NA
DQ646870.1,Arthropoda,Malacostraca,Stomatopoda,Neogonodactylus,oerstedii,Neogonodactylus oerstedii,GTGGAGCTCTTGTCGGCAACCACTCCCTGGCACGGAGATTCTTCCTCGGTCAGTGCCAGGCTGCCCTTTCGTATCTACTAAAGGACGGCCACAGCTGAAGTTCAGTTTCCAACATACTCCAAACGTCTTTTACGAGATTATCGATACCAGACGAATAAGGCAAAATGTCTTACTACGACGATTCCGCCTCTGCCGCATACACGAACCCTTATGGGAACCACACAGTGGTGGACACCGTGCCCGCTGACATGCTCCACCTGATTGACTCCCACTGGTATGGATTCCCTCCCCTTAATGACATGTGGTACGGGATCCTCGCCTTCTTTATCTCCGTGACGGGGATCCTCGCCGTCGGAGGAAACTTCGTTGTCATCTGGGTCTTCAAGTGCACCAAGGCTCTCAGGAGTCCTTTAAACTACTATGTGGTTAACCTGGCCATCTCCGACTTCACCCTCATGGCTTGCATGTGCCCACCAGTGGTCATCAACAGCTATTACAGGACATGGATCTTCGGGCCCACTTTCTGCTACGTGTATGCAGCTATCGGGTCCCTGACTGGGTGCGCTTCCATCTTCACGATGTGCCTCATCTCCTATGACAGATATAACGTCATTGTAAAGGGTATCGGCGGAAAGCCCTCACCACCGGCAAGGCAAATGCTGATAATCCTCCTTGTCTGGCTTCACTTCAAGCCGCCTGGGACGTTCGCTCCCTTCTTCGGCTGGAGTCGCTACGTCCCCGAAGGCAACATGACCGCCTGCGGTACTGACTACCTCCGAGGAAGCATCCTGGACCAGACATACCTGTGGTCCTACACAACATGGTGTTATTTCATGACCTTTGTCTTCATCGTCTACTGCTACTGGTTCATCGTAGCCGCTGTCAGGAACCACGAGAAGGCCATGAGGGAGCAGGCTAAGAAGATGGGCGTCAAGTCCCTCCGAGGCGACGCGACGCTACAGAAGAAGTCTGCCGACTGCAAGCTGGCCAAGATCGCCCTCATCAACGTGTCCCTCTGGTTCATGGCCTGGACACCCTACGCCATCATCAACATCGCCGGATTGACTAACAAGGAAATCGTCACACCTCTCTTCTTCATCTGGGGTTCCGTCTTCGCCAAGGCAAACACTGTCTATAACCCCATTGAGTACGCTATCAGCCACCCTAAGTACAAGGGTGCCCTGTACCAGAAGCTGCCTTGGCTGCAGTGCGCTCCTGATGTTCCTGAAGACGACTCCAAGTCCACTGCTTCCACCACGACCACAGGAGGAGAAGAAAAGGCCTAAGGAAGAAAGATGTGTCTCTGGACCGGAAACCGACTAAGAATGGAATGATATTGCTAACTGACGATAACGATAACCGATGACTCTTTTCCTTACCTCAACCGTCTGCAGACGACCCTCCTTGTCACCAATAAACCCAGAGGCGCCCGTTAAAAAAAAAAAAAAAAAAAAAAAAAAAAAAA,MSYYDDSASAAYTNPYGNHTVVDTVPADMLHLIDSHWYGFPPLNDMWYGILAFFISVTGILAVGGNFVVIWVFKCTKALRSPLNYYVVNLAISDFTLMACMCPPVVINSYYRTWIFGPTFCYVYAAIGSLTGCASIFTMCLISYDRYNVIVKGIGGKPSPPARQMLIILLVWLHFKPPGTFAPFFGWSRYVPEGNMTACGTDYLRGSILDQTYLWSYTTWCYFMTFVFIVYCYWFIVAAVRNHEKAMREQAKKMGVKSLRGDATLQKKSADCKLAKIALINVSLWFMAWTPYAIINIAGLTNKEIVTPLFFIWGSVFAKANTVYNPIEYAISHPKYKGALYQKLPWLQCAPDVPEDDSKSTASTTTTGGEEKA,"Neogonodactylus oerstedii rhodopsin (Rh2) mRNA, complete cds",NA
AF057015.1,Arthropoda,Malacostraca,Stomatopoda,Neogonodactylus,oerstedii,Neogonodactylus oerstedii,CCAGAAAAAGTCAACACACTTGTCATAAAGTCCCGACGAAGTAAAACAAGCGGAATTAATTCAATTTGGCCAAAAAACCTAGTATAAAGACGTGCATAGTGTCGGGAATCGTAGGTCCGTCAGGCTGTCACTGAGCACCGGAGGCCAGAGTGCAGATCTGAGGCTCGGAAACGAAGACGAGGCAACGAAACAACGTCAACGAACTCAGTGCATTTGGACAGTCAAGATCACAATAAACTCAAGGTAAGATACCAACAAAACCACCCTTATCCAAACATAATCAAATACGCACTATACTGAACTTTCAGTAAATCTTTCTATTTACCCATAGTTGATTATAGATATATGTGTAAAGGCAGCATAACTAACCAAGCAAGTCTCACACAATAACCCAACGAATGAAATACAGGACCACTGATATCTAAGT,,Gonodactylus oerstedii opsin gene proximal promoter and 5' non coding region,NA
